/home/chen/vendor/dapo-official-20260906/verl-progress-candidate-v2/verl/workers/engine/__init__.py:32: UserWarning: torchtitan engine is not available: ModuleNotFoundError("No module named 'torchtitan'")
  warnings.warn(f"torchtitan engine is not available: {e!r}", stacklevel=1)
/home/chen/vendor/dapo-official-20260906/verl-progress-candidate-v2/verl/workers/engine/__init__.py:41: UserWarning: veomni engine is not available: ModuleNotFoundError("No module named 'veomni'")
  warnings.warn(f"veomni engine is not available: {e!r}", stacklevel=1)
/home/chen/vendor/dapo-official-20260906/verl-progress-candidate-v2/verl/workers/engine/__init__.py:50: UserWarning: automodel engine is not available: ModuleNotFoundError("No module named 'nemo_automodel'")
  warnings.warn(f"automodel engine is not available: {e!r}", stacklevel=1)
/home/chen/vendor/dapo-official-20260906/verl-progress-candidate-v2/verl/workers/engine/__init__.py:60: UserWarning: mindspeed engine is not available: ModuleNotFoundError("No module named 'megatron'")
  warnings.warn(f"mindspeed engine is not available: {e!r}", stacklevel=1)
/home/chen/vendor/dapo-official-20260906/verl-progress-candidate-v2/verl/workers/engine/__init__.py:69: UserWarning: megatron engine is not available: ModuleNotFoundError("No module named 'megatron'")
  warnings.warn(f"megatron engine is not available: {e!r}", stacklevel=1)
OFFICIAL_DAPO_SOURCES={"source_profile":"progress-v1","source_manifest_sha256":"381a875ea414391a1d9b33363747a92358d6ca7bd2a97f5e4f82ade781313c53","repositories":{"verl":{"root":"/home/chen/vendor/dapo-official-20260906/verl-progress-candidate-v2","commit":"23af6a7a2e8d6efeeb2adbe5d1689c7a24f503a3","verified_files":419,"reviewed_runtime_patch_files":3},"verl-recipe":{"root":"/home/chen/vendor/dapo-official-20260906/verl-recipe-progress-candidate-v2","commit":"ee3aef1690d6bb5e6448052c4842e8efb7a3f76c","verified_files":8,"reviewed_runtime_patch_files":1}},"reviewed_runtime_patches":[{"repository":"verl","base_commit":"23af6a7a2e8d6efeeb2adbe5d1689c7a24f503a3","path":"patches/verl-tool-termination-v1.patch","sha256":"0150904aef3f935c13195affe51563983b269cae59a12d4d204a127905c7bab5","reason":"Honor an explicit environment terminal result without adding terminal feedback or sampling another assistant turn. DAPO algorithm sources are unchanged.","files":{"verl/tools/schemas.py":{"upstream_sha256":"f924f1e4bab212977f4966038d118eb90e80d5481862e1c9690730bd8f754619","patched_sha256":"fb9bfdabfdfe31fc8580b76c0bff2491095ed355ec827ec0f9735862a2392d38"},"verl/experimental/agent_loop/tool_agent_loop.py":{"upstream_sha256":"ff00f279d673cea68f489139a4559e902a120f8a0bc44053f170c4eae533bd01","patched_sha256":"52c38bef0152c6f219fa69b654e77f96085433be1ceb5091713cb49c49fd3859"}}},{"repository":"verl-recipe","base_commit":"ee3aef1690d6bb5e6448052c4842e8efb7a3f76c","path":"patches/verl-recipe-mask-progress-v1.patch","sha256":"f5d4ef0d43d8b07c733be33a9e63ac387b7cbccacdc670c29646874daf42944d","reason":"Preserve the action mask and fix update-target, epoch and checkpoint progress. The numerical update block remains unchanged; verified control-flow evidence is recorded in research/dapo_progress_20260908.","files":{"dapo/dapo_ray_trainer.py":{"upstream_sha256":"5d3e76c0cd5a9b9e01b1a796d36659e6ad3104739fe9bdc4ae4953603cf47a2c","patched_sha256":"b8e66a6037e3b2922f560c24eb10a94dc28a916579d2f163b506adb82559f491"}}},{"repository":"verl","base_commit":"23af6a7a2e8d6efeeb2adbe5d1689c7a24f503a3","path":"patches/verl-dapo-progress-v1.patch","sha256":"affa3f5b34fa8d1a619136471652eb1aa0dce0cfb7fcea94423efdab2bcc7087","reason":"Always restore the saved sampler state and return the actual loaded checkpoint path. No numerical training code changed.","files":{"verl/trainer/ppo/ray_trainer.py":{"upstream_sha256":"c930623489f724e9abbf1dab41ed617da1be2f0d60485d4c0ee5354c145dd809","patched_sha256":"4ade49b9c8e80d51a21240e3f07df1fb1215afac365e9424af076b84e88f8e7b"}}}],"loaded":{"dapo.main_dapo":"/home/chen/vendor/dapo-official-20260906/verl-recipe-progress-candidate-v2/dapo/main_dapo.py","dapo.dapo_ray_trainer":"/home/chen/vendor/dapo-official-20260906/verl-recipe-progress-candidate-v2/dapo/dapo_ray_trainer.py","verl.trainer.ppo.core_algos":"/home/chen/vendor/dapo-official-20260906/verl-progress-candidate-v2/verl/trainer/ppo/core_algos.py","verl.workers.engine_workers":"/home/chen/vendor/dapo-official-20260906/verl-progress-candidate-v2/verl/workers/engine_workers.py","verl.experimental.agent_loop.tool_agent_loop":"/home/chen/vendor/dapo-official-20260906/verl-progress-candidate-v2/verl/experimental/agent_loop/tool_agent_loop.py","verl.experimental.reward_loop.reward_manager.dapo":"/home/chen/vendor/dapo-official-20260906/verl-progress-candidate-v2/verl/experimental/reward_loop/reward_manager/dapo.py"},"packages":{"verl":"0.10.0.dev0","torch":"2.11.0","transformers":"5.9.0","vllm":"0.24.0","peft":"0.20.0","ray":"2.58.0","datasets":"5.0.1"},"environment_version":"full-nonanchor-identification-v1","project_sources":{"src/cpt_world/__init__.py":"fdf90b64b532a81f9e8de2bda7459c320ec8a04bd8c4c41d677b09b4763b0757","src/cpt_world/counterfactual_isolation.py":"290529ddfc906dd497738b9aae324a566c3644cc5c805a63b14823d79011f7b5","src/cpt_world/counterfactual_solver.py":"4249c54301fe001ecb109749a41f293ff514f04b9e004af8b174e9c7b5e263b3","src/cpt_world/episode.py":"8ef6a0c407548618b55662612d7a7ee4054e9ecad8b61d595d64a952917892dc","src/cpt_world/identification.py":"d553f197c7b06085e02c67a30af7a3d27c025da358cf64a08aadd4af3b8e4348","src/cpt_world/query_truth.py":"e47fb6b8c85b64ce4af830a8fba890cb05739eab5725363be56ff5cba41989cf","src/cpt_world/registry.py":"af7b9f092374879fd0a18178850771d0a3aee1abd298cf03a8476e615a338530","src/cpt_world/rendering.py":"ce4d3a5e2a7bd71ed277b20e3a0208e194e569c633c8de1f685f89444134c647","src/cpt_world/rewards.py":"11be80115cf36556f0e778cc4dd96b8fc26f38710b8ce24af61cdeb52cac7120","src/cpt_world/seeds.py":"709b76f5ecc488d6cc696b886707480849fa08735336858d7e2ba7c19343d90c","src/cpt_world/task_scoring.py":"145edfa037613d86e530683dfd970c7d3177d5c1b7d089f2009a87ad49d514fe","src/cpt_world/trl_environment.py":"36ff8eb94c43bae01136755443f15347cd0fdbc0f8261ea0aa3b1a9234034f88","src/cpt_world/verl_environment.py":"9deed2b23c4b07f8327de46f9bff81be2e484cf3d402e8e7ac1130eaa4836fdb","src/cpt_world/verl_streaming_dataset.py":"2b1dc7b8583f1ffdc9a84b5e56ddd90791c418035e230d66b56be16407b0a459","src/cpt_world/world.py":"112a973e69c09dcbc8a0427a7e4d312137d9b7fc2257129b77f656b1436a1536","src/cpt_world/world_runtime.py":"f1159966eb12006d74133b834dc11f6ea5d22be27552cadae710b45a87350447","src/cpt_world/world_space.py":"58ab2194b77e00f68bef10a524ce4fcd908c2d21b5bffcc78d9af5e87b09301b"},"datasets":{"train":{"path":"/home/chen/runs/continuous-training-restore-20260908/resume-stream-01/stream.json","kind":"continuous","rows":null,"start_seed":4000000,"stream_start_index":86,"journal_dir":"/home/chen/runs/continuous-training-restore-20260908/resume-stream-01/task-journal","sha256":"d453693230c0c41e1db0a852261f36e6223e28cb6cc9afa118ed9687868bcd25","source_fingerprints":{"src/cpt_world/__init__.py":"fdf90b64b532a81f9e8de2bda7459c320ec8a04bd8c4c41d677b09b4763b0757","src/cpt_world/counterfactual_isolation.py":"290529ddfc906dd497738b9aae324a566c3644cc5c805a63b14823d79011f7b5","src/cpt_world/counterfactual_solver.py":"4249c54301fe001ecb109749a41f293ff514f04b9e004af8b174e9c7b5e263b3","src/cpt_world/episode.py":"8ef6a0c407548618b55662612d7a7ee4054e9ecad8b61d595d64a952917892dc","src/cpt_world/identification.py":"d553f197c7b06085e02c67a30af7a3d27c025da358cf64a08aadd4af3b8e4348","src/cpt_world/query_truth.py":"e47fb6b8c85b64ce4af830a8fba890cb05739eab5725363be56ff5cba41989cf","src/cpt_world/registry.py":"af7b9f092374879fd0a18178850771d0a3aee1abd298cf03a8476e615a338530","src/cpt_world/rendering.py":"ce4d3a5e2a7bd71ed277b20e3a0208e194e569c633c8de1f685f89444134c647","src/cpt_world/rewards.py":"11be80115cf36556f0e778cc4dd96b8fc26f38710b8ce24af61cdeb52cac7120","src/cpt_world/seeds.py":"709b76f5ecc488d6cc696b886707480849fa08735336858d7e2ba7c19343d90c","src/cpt_world/task_scoring.py":"145edfa037613d86e530683dfd970c7d3177d5c1b7d089f2009a87ad49d514fe","src/cpt_world/trl_environment.py":"36ff8eb94c43bae01136755443f15347cd0fdbc0f8261ea0aa3b1a9234034f88","src/cpt_world/verl_environment.py":"9deed2b23c4b07f8327de46f9bff81be2e484cf3d402e8e7ac1130eaa4836fdb","src/cpt_world/verl_streaming_dataset.py":"2b1dc7b8583f1ffdc9a84b5e56ddd90791c418035e230d66b56be16407b0a459","src/cpt_world/world.py":"112a973e69c09dcbc8a0427a7e4d312137d9b7fc2257129b77f656b1436a1536","src/cpt_world/world_runtime.py":"f1159966eb12006d74133b834dc11f6ea5d22be27552cadae710b45a87350447","src/cpt_world/world_space.py":"58ab2194b77e00f68bef10a524ce4fcd908c2d21b5bffcc78d9af5e87b09301b","scripts/prepare_verl_cpt_data.py":"e8422e35d519c5d473e9a99012ff8ffd83bfa8bbddc3e09d63c498840749a17a"}},"validation":{"path":"/home/chen/runs/training-submission-20260907/data/validation.parquet","rows":25,"sha256":"4508652e399973610611368545a92b1c0a2be8faa4fe1f3ec547fac8e3183900"}}}
/home/chen/vendor/dapo-official-20260906/verl-progress-candidate-v2/verl/workers/engine/__init__.py:32: UserWarning: torchtitan engine is not available: ModuleNotFoundError("No module named 'torchtitan'")
  warnings.warn(f"torchtitan engine is not available: {e!r}", stacklevel=1)
/home/chen/vendor/dapo-official-20260906/verl-progress-candidate-v2/verl/workers/engine/__init__.py:41: UserWarning: veomni engine is not available: ModuleNotFoundError("No module named 'veomni'")
  warnings.warn(f"veomni engine is not available: {e!r}", stacklevel=1)
/home/chen/vendor/dapo-official-20260906/verl-progress-candidate-v2/verl/workers/engine/__init__.py:50: UserWarning: automodel engine is not available: ModuleNotFoundError("No module named 'nemo_automodel'")
  warnings.warn(f"automodel engine is not available: {e!r}", stacklevel=1)
/home/chen/vendor/dapo-official-20260906/verl-progress-candidate-v2/verl/workers/engine/__init__.py:60: UserWarning: mindspeed engine is not available: ModuleNotFoundError("No module named 'megatron'")
  warnings.warn(f"mindspeed engine is not available: {e!r}", stacklevel=1)
/home/chen/vendor/dapo-official-20260906/verl-progress-candidate-v2/verl/workers/engine/__init__.py:69: UserWarning: megatron engine is not available: ModuleNotFoundError("No module named 'megatron'")
  warnings.warn(f"megatron engine is not available: {e!r}", stacklevel=1)
2026-09-08 16:53:42,675	INFO worker.py:2024 -- Started a local Ray instance.
[36m(pid=703290)[0m /home/chen/vendor/dapo-official-20260906/verl-progress-candidate-v2/verl/workers/engine/__init__.py:32: UserWarning: torchtitan engine is not available: ModuleNotFoundError("No module named 'torchtitan'")
[36m(pid=703290)[0m   warnings.warn(f"torchtitan engine is not available: {e!r}", stacklevel=1)
[36m(pid=703290)[0m /home/chen/vendor/dapo-official-20260906/verl-progress-candidate-v2/verl/workers/engine/__init__.py:41: UserWarning: veomni engine is not available: ModuleNotFoundError("No module named 'veomni'")
[36m(pid=703290)[0m   warnings.warn(f"veomni engine is not available: {e!r}", stacklevel=1)
[36m(pid=703290)[0m /home/chen/vendor/dapo-official-20260906/verl-progress-candidate-v2/verl/workers/engine/__init__.py:50: UserWarning: automodel engine is not available: ModuleNotFoundError("No module named 'nemo_automodel'")
[36m(pid=703290)[0m   warnings.warn(f"automodel engine is not available: {e!r}", stacklevel=1)
[36m(pid=703290)[0m /home/chen/vendor/dapo-official-20260906/verl-progress-candidate-v2/verl/workers/engine/__init__.py:60: UserWarning: mindspeed engine is not available: ModuleNotFoundError("No module named 'megatron'")
[36m(pid=703290)[0m   warnings.warn(f"mindspeed engine is not available: {e!r}", stacklevel=1)
[36m(pid=703290)[0m /home/chen/vendor/dapo-official-20260906/verl-progress-candidate-v2/verl/workers/engine/__init__.py:69: UserWarning: megatron engine is not available: ModuleNotFoundError("No module named 'megatron'")
[36m(pid=703290)[0m   warnings.warn(f"megatron engine is not available: {e!r}", stacklevel=1)
ray init kwargs: {'num_cpus': 8, 'runtime_env': {'env_vars': {'NCCL_DEBUG': 'WARN', 'VLLM_LOGGING_LEVEL': 'WARN', 'VLLM_DISABLE_COMPILE_CACHE': '1', 'HCCL_HOST_SOCKET_PORT_RANGE': 'auto', 'HCCL_NPU_SOCKET_PORT_RANGE': 'auto', 'HSA_NO_SCRATCH_RECLAIM': '1', 'VERL_FULL_DETERMINISM': '0', 'VLLM_BATCH_INVARIANT': '0', 'VERL_RL_INSIGHT_ENABLE': '0', 'CPT_WORLD_VERL_AUDIT_DIR': '/home/chen/runs/continuous-training-restore-20260908/resume-stream-01/environment', 'CPT_WORLD_EXPECTED_SOURCE': '/home/chen/projects/self-play-in-the-causal-world-rewardv10-a92ab8e-20260831/src/cpt_world', 'VERL_ROOT': '/home/chen/vendor/dapo-official-20260906/verl-progress-candidate-v2', 'VERL_RECIPE_ROOT': '/home/chen/vendor/dapo-official-20260906/verl-recipe-progress-candidate-v2', 'CPT_WORLD_DAPO_SOURCE_PROFILE': 'progress-v1', 'PYTHONPATH': '/home/chen/projects/self-play-in-the-causal-world-rewardv10-a92ab8e-20260831/src:/home/chen/projects/self-play-in-the-causal-world-rewardv10-a92ab8e-20260831:/home/chen/vendor/dapo-official-20260906/verl-recipe-progress-candidate-v2:/home/chen/vendor/dapo-official-20260906/verl-progress-candidate-v2', 'PATH': '/home/chen/.venvs/dolens-dapo-official/bin:/usr/local/sbin:/usr/local/bin:/usr/sbin:/usr/bin:/sbin:/bin:/usr/games:/usr/local/games:/snap/bin'}, 'working_dir': None, 'py_executable': None}, 'include_dashboard': False}
[36m(DAPOTaskRunner pid=703290)[0m TaskRunner hostname: chen-ld, PID: 703290
[36m(DAPOTaskRunner pid=703290)[0m {'actor_rollout_ref': {'actor': {'_target_': 'verl.workers.config.FSDPActorConfig',
[36m(DAPOTaskRunner pid=703290)[0m                                  'calculate_entropy': False,
[36m(DAPOTaskRunner pid=703290)[0m                                  'calculate_sum_pi_squared': False,
[36m(DAPOTaskRunner pid=703290)[0m                                  'checkpoint': {'_target_': 'verl.trainer.config.CheckpointConfig',
[36m(DAPOTaskRunner pid=703290)[0m                                                 'async_save': False,
[36m(DAPOTaskRunner pid=703290)[0m                                                 'load_contents': ['model',
[36m(DAPOTaskRunner pid=703290)[0m                                                                   'optimizer',
[36m(DAPOTaskRunner pid=703290)[0m                                                                   'extra'],
[36m(DAPOTaskRunner pid=703290)[0m                                                 'save_contents': ['model',
[36m(DAPOTaskRunner pid=703290)[0m                                                                   'optimizer',
[36m(DAPOTaskRunner pid=703290)[0m                                                                   'extra'],
[36m(DAPOTaskRunner pid=703290)[0m                                                 'save_lora_only': True,
[36m(DAPOTaskRunner pid=703290)[0m                                                 'strict': True},
[36m(DAPOTaskRunner pid=703290)[0m                                  'clip_ratio': 0.2,
[36m(DAPOTaskRunner pid=703290)[0m                                  'clip_ratio_c': 10.0,
[36m(DAPOTaskRunner pid=703290)[0m                                  'clip_ratio_high': 0.28,
[36m(DAPOTaskRunner pid=703290)[0m                                  'clip_ratio_low': 0.2,
[36m(DAPOTaskRunner pid=703290)[0m                                  'data_loader_seed': 42,
[36m(DAPOTaskRunner pid=703290)[0m                                  'entropy_checkpointing': False,
[36m(DAPOTaskRunner pid=703290)[0m                                  'entropy_coeff': 0.0,
[36m(DAPOTaskRunner pid=703290)[0m                                  'entropy_from_logits_chunk_size': 2048,
[36m(DAPOTaskRunner pid=703290)[0m                                  'entropy_from_logits_with_chunking': False,
[36m(DAPOTaskRunner pid=703290)[0m                                  'freeze_vision_tower': False,
[36m(DAPOTaskRunner pid=703290)[0m                                  'fsdp_config': {'_target_': 'verl.workers.config.FSDPEngineConfig',
[36m(DAPOTaskRunner pid=703290)[0m                                                  'dtype': 'bfloat16',
[36m(DAPOTaskRunner pid=703290)[0m                                                  'entropy_checkpointing': False,
[36m(DAPOTaskRunner pid=703290)[0m                                                  'entropy_from_logits_chunk_size': 2048,
[36m(DAPOTaskRunner pid=703290)[0m                                                  'entropy_from_logits_with_chunking': False,
[36m(DAPOTaskRunner pid=703290)[0m                                                  'forward_only': False,
[36m(DAPOTaskRunner pid=703290)[0m                                                  'forward_prefetch': False,
[36m(DAPOTaskRunner pid=703290)[0m                                                  'fsdp_size': 1,
[36m(DAPOTaskRunner pid=703290)[0m                                                  'full_determinism': False,
[36m(DAPOTaskRunner pid=703290)[0m                                                  'model_dtype': 'bfloat16',
[36m(DAPOTaskRunner pid=703290)[0m                                                  'offload_policy': False,
[36m(DAPOTaskRunner pid=703290)[0m                                                  'optimizer_offload': True,
[36m(DAPOTaskRunner pid=703290)[0m                                                  'pad_to_length': False,
[36m(DAPOTaskRunner pid=703290)[0m                                                  'pad_to_length_bucket': 1024,
[36m(DAPOTaskRunner pid=703290)[0m                                                  'param_offload': False,
[36m(DAPOTaskRunner pid=703290)[0m                                                  'qat': {'_target_': 'verl.workers.config.QATEngineConfig',
[36m(DAPOTaskRunner pid=703290)[0m                                                          'activation_observer': 
[36m(DAPOTaskRunner pid=703290)[0m 'static_minmax',
[36m(DAPOTaskRunner pid=703290)[0m                                                          'enable': False,
[36m(DAPOTaskRunner pid=703290)[0m                                                          'group_size': 16,
[36m(DAPOTaskRunner pid=703290)[0m                                                          'ignore_patterns': 
[36m(DAPOTaskRunner pid=703290)[0m [
[36m(DAPOTaskRunner pid=703290)[0m 'lm_head',
[36m(DAPOTaskRunner pid=703290)[0m                                                                              
[36m(DAPOTaskRunner pid=703290)[0m 'embed_tokens',
[36m(DAPOTaskRunner pid=703290)[0m                                                                              
[36m(DAPOTaskRunner pid=703290)[0m 're:.*mlp.gate$'],
[36m(DAPOTaskRunner pid=703290)[0m                                                          'mode': 'w4a16',
[36m(DAPOTaskRunner pid=703290)[0m                                                          'quantization_config_path': None},
[36m(DAPOTaskRunner pid=703290)[0m                                                  'reshard_after_forward': True,
[36m(DAPOTaskRunner pid=703290)[0m                                                  'seed': 42,
[36m(DAPOTaskRunner pid=703290)[0m                                                  'strategy': 'fsdp',
[36m(DAPOTaskRunner pid=703290)[0m                                                  'turbo_config': 
[36m(DAPOTaskRunner pid=703290)[0m {'distributed': {'expert_fully_shard_parallel_size': 1,
[36m(DAPOTaskRunner pid=703290)[0m                                                                                   'expert_parallel_size': 1,
[36m(DAPOTaskRunner pid=703290)[0m                                                                                   'fsdp_plan': {'fsdp_implementation': 'native',
[36m(DAPOTaskRunner pid=703290)[0m                                                                                                 'num_to_backward_prefetch': 1,
[36m(DAPOTaskRunner pid=703290)[0m                                                                                                 'num_to_forward_prefetch': 1,
[36m(DAPOTaskRunner pid=703290)[0m                                                                                                 'output_dtype': 'bf16',
[36m(DAPOTaskRunner pid=703290)[0m                                                                                                 'param_dtype': 'bf16',
[36m(DAPOTaskRunner pid=703290)[0m                                                                                                 'reduce_dtype': 'fp32'},
[36m(DAPOTaskRunner pid=703290)[0m                                                                                   'fully_shard_parallel_size': 16,
[36m(DAPOTaskRunner pid=703290)[0m                                                                                   'tensor_parallel_size': 1,
[36m(DAPOTaskRunner pid=703290)[0m                                                                                   'ulysses_parallel_size': 1}},
[36m(DAPOTaskRunner pid=703290)[0m                                                  'ulysses_sequence_parallel_size': 1,
[36m(DAPOTaskRunner pid=703290)[0m                                                  'use_no_sync_for_gradient_accumulation': False,
[36m(DAPOTaskRunner pid=703290)[0m                                                  'use_orig_params': False,
[36m(DAPOTaskRunner pid=703290)[0m                                                  'use_torch_compile': False,
[36m(DAPOTaskRunner pid=703290)[0m                                                  'wrap_policy': {'min_num_params': 0}},
[36m(DAPOTaskRunner pid=703290)[0m                                  'grad_clip': 1.0,
[36m(DAPOTaskRunner pid=703290)[0m                                  'kl_loss_coef': 0.0,
[36m(DAPOTaskRunner pid=703290)[0m                                  'kl_loss_type': 'low_var_kl',
[36m(DAPOTaskRunner pid=703290)[0m                                  'loss_agg_mode': 'token-mean',
[36m(DAPOTaskRunner pid=703290)[0m                                  'loss_scale_factor': None,
[36m(DAPOTaskRunner pid=703290)[0m                                  'optim': {'_target_': 'verl.workers.config.FSDPOptimizerConfig',
[36m(DAPOTaskRunner pid=703290)[0m                                            'betas': [0.9, 0.999],
[36m(DAPOTaskRunner pid=703290)[0m                                            'clip_grad': 1.0,
[36m(DAPOTaskRunner pid=703290)[0m                                            'lr': 1e-06,
[36m(DAPOTaskRunner pid=703290)[0m                                            'lr_scheduler_type': 'constant',
[36m(DAPOTaskRunner pid=703290)[0m                                            'lr_warmup_steps': 0,
[36m(DAPOTaskRunner pid=703290)[0m                                            'lr_warmup_steps_ratio': 0.0,
[36m(DAPOTaskRunner pid=703290)[0m                                            'min_lr_ratio': 0.0,
[36m(DAPOTaskRunner pid=703290)[0m                                            'num_cycles': 0.5,
[36m(DAPOTaskRunner pid=703290)[0m                                            'optimizer': 'AdamW',
[36m(DAPOTaskRunner pid=703290)[0m                                            'optimizer_impl': 'torch.optim',
[36m(DAPOTaskRunner pid=703290)[0m                                            'override_optimizer_config': None,
[36m(DAPOTaskRunner pid=703290)[0m                                            'total_training_steps': -1,
[36m(DAPOTaskRunner pid=703290)[0m                                            'warmup_style': None,
[36m(DAPOTaskRunner pid=703290)[0m                                            'weight_decay': 0.1,
[36m(DAPOTaskRunner pid=703290)[0m                                            'zero_indexed_step': True},
[36m(DAPOTaskRunner pid=703290)[0m                                  'pad_to_length': False,
[36m(DAPOTaskRunner pid=703290)[0m                                  'policy_loss': {'_target_': 'verl.workers.config.PolicyLossConfig',
[36m(DAPOTaskRunner pid=703290)[0m                                                  'clip_cov_lb': 1.0,
[36m(DAPOTaskRunner pid=703290)[0m                                                  'clip_cov_ratio': 0.0002,
[36m(DAPOTaskRunner pid=703290)[0m                                                  'clip_cov_ub': 5.0,
[36m(DAPOTaskRunner pid=703290)[0m                                                  'dro_beta': None,
[36m(DAPOTaskRunner pid=703290)[0m                                                  'kl_cov_ratio': 0.0002,
[36m(DAPOTaskRunner pid=703290)[0m                                                  'loss_mode': 'vanilla',
[36m(DAPOTaskRunner pid=703290)[0m                                                  'ppo_kl_coef': 0.1},
[36m(DAPOTaskRunner pid=703290)[0m                                  'ppo_epochs': 1,
[36m(DAPOTaskRunner pid=703290)[0m                                  'ppo_max_token_len_per_gpu': 16384,
[36m(DAPOTaskRunner pid=703290)[0m                                  'ppo_micro_batch_size': None,
[36m(DAPOTaskRunner pid=703290)[0m                                  'ppo_micro_batch_size_per_gpu': 1,
[36m(DAPOTaskRunner pid=703290)[0m                                  'ppo_mini_batch_size': 1,
[36m(DAPOTaskRunner pid=703290)[0m                                  'profiler': {'_target_': 'verl.utils.profiler.ProfilerConfig',
[36m(DAPOTaskRunner pid=703290)[0m                                               'all_ranks': False,
[36m(DAPOTaskRunner pid=703290)[0m                                               'enable': False,
[36m(DAPOTaskRunner pid=703290)[0m                                               'finish_hook_all_ranks': False,
[36m(DAPOTaskRunner pid=703290)[0m                                               'finish_hook_cmd': None,
[36m(DAPOTaskRunner pid=703290)[0m                                               'finish_hook_ranks': [],
[36m(DAPOTaskRunner pid=703290)[0m                                               'ranks': [],
[36m(DAPOTaskRunner pid=703290)[0m                                               'relocate_results': False,
[36m(DAPOTaskRunner pid=703290)[0m                                               'save_path': 'outputs/profile',
[36m(DAPOTaskRunner pid=703290)[0m                                               'tool': None,
[36m(DAPOTaskRunner pid=703290)[0m                                               'tool_config': {'npu': {'_target_': 'verl.utils.profiler.config.NPUToolConfig',
[36m(DAPOTaskRunner pid=703290)[0m                                                                       'analysis': True,
[36m(DAPOTaskRunner pid=703290)[0m                                                                       'contents': [],
[36m(DAPOTaskRunner pid=703290)[0m                                                                       'discrete': False,
[36m(DAPOTaskRunner pid=703290)[0m                                                                       'level': 'level0'},
[36m(DAPOTaskRunner pid=703290)[0m                                                               'nsys': {'_target_': 'verl.utils.profiler.config.NsightToolConfig',
[36m(DAPOTaskRunner pid=703290)[0m                                                                        'discrete': False},
[36m(DAPOTaskRunner pid=703290)[0m                                                               'precision_debugger': {'_target_': 'verl.utils.profiler.config.PrecisionDebuggerToolConfig',
[36m(DAPOTaskRunner pid=703290)[0m                                                                                      'config_path': None,
[36m(DAPOTaskRunner pid=703290)[0m                                                                                      'stages': None,
[36m(DAPOTaskRunner pid=703290)[0m                                                                                      'steps': None,
[36m(DAPOTaskRunner pid=703290)[0m                                                                                      'strict': False},
[36m(DAPOTaskRunner pid=703290)[0m                                                               'torch': {'_target_': 'verl.utils.profiler.config.TorchProfilerToolConfig',
[36m(DAPOTaskRunner pid=703290)[0m                                                                         'contents': [],
[36m(DAPOTaskRunner pid=703290)[0m                                                                         'discrete': False,
[36m(DAPOTaskRunner pid=703290)[0m                                                                         'schedule': {'_target_': 'verl.utils.profiler.config.TorchProfilerScheduleConfig',
[36m(DAPOTaskRunner pid=703290)[0m                                                                                      'active': 0,
[36m(DAPOTaskRunner pid=703290)[0m                                                                                      'repeat': 0,
[36m(DAPOTaskRunner pid=703290)[0m                                                                                      'skip_first': 0,
[36m(DAPOTaskRunner pid=703290)[0m                                                                                      'wait': 0,
[36m(DAPOTaskRunner pid=703290)[0m                                                                                      'warmup': 0}},
[36m(DAPOTaskRunner pid=703290)[0m                                                               'torch_memory': {'_target_': 'verl.utils.profiler.config.TorchMemoryToolConfig',
[36m(DAPOTaskRunner pid=703290)[0m                                                                                'stack_depth': 32,
[36m(DAPOTaskRunner pid=703290)[0m                                                                                'trace_alloc_max_entries': 100000}}},
[36m(DAPOTaskRunner pid=703290)[0m                                  'qat': {'activation_observer': 'static_minmax',
[36m(DAPOTaskRunner pid=703290)[0m                                          'enable': False,
[36m(DAPOTaskRunner pid=703290)[0m                                          'group_size': 16,
[36m(DAPOTaskRunner pid=703290)[0m                                          'ignore_patterns': ['lm_head',
[36m(DAPOTaskRunner pid=703290)[0m                                                              'embed_tokens',
[36m(DAPOTaskRunner pid=703290)[0m                                                              're:.*mlp.gate$'],
[36m(DAPOTaskRunner pid=703290)[0m                                          'mode': 'w4a16',
[36m(DAPOTaskRunner pid=703290)[0m                                          'quantization_config_path': None},
[36m(DAPOTaskRunner pid=703290)[0m                                  'rollout_n': 4,
[36m(DAPOTaskRunner pid=703290)[0m                                  'shuffle': False,
[36m(DAPOTaskRunner pid=703290)[0m                                  'strategy': 'fsdp2',
[36m(DAPOTaskRunner pid=703290)[0m                                  'tau_neg': 1.05,
[36m(DAPOTaskRunner pid=703290)[0m                                  'tau_pos': 1.0,
[36m(DAPOTaskRunner pid=703290)[0m                                  'ulysses_sequence_parallel_size': 1,
[36m(DAPOTaskRunner pid=703290)[0m                                  'use_dynamic_bsz': False,
[36m(DAPOTaskRunner pid=703290)[0m                                  'use_fused_kernels': True,
[36m(DAPOTaskRunner pid=703290)[0m                                  'use_kl_loss': False,
[36m(DAPOTaskRunner pid=703290)[0m                                  'use_prefix_grouper': False,
[36m(DAPOTaskRunner pid=703290)[0m                                  'use_remove_padding': False,
[36m(DAPOTaskRunner pid=703290)[0m                                  'use_torch_compile': False},
[36m(DAPOTaskRunner pid=703290)[0m                        'hybrid_engine': True,
[36m(DAPOTaskRunner pid=703290)[0m                        'model': {'_target_': 'verl.workers.config.HFModelConfig',
[36m(DAPOTaskRunner pid=703290)[0m                                  'custom_chat_template': None,
[36m(DAPOTaskRunner pid=703290)[0m                                  'enable_activation_offload': False,
[36m(DAPOTaskRunner pid=703290)[0m                                  'enable_gradient_checkpointing': True,
[36m(DAPOTaskRunner pid=703290)[0m                                  'exclude_modules': '.*(?:visual|vision|aligner|multi_token_predictor|mtp|lm_head).*',
[36m(DAPOTaskRunner pid=703290)[0m                                  'external_lib': None,
[36m(DAPOTaskRunner pid=703290)[0m                                  'fused_kernel_options': {'impl_backend': 'torch'},
[36m(DAPOTaskRunner pid=703290)[0m                                  'hf_config_path': None,
[36m(DAPOTaskRunner pid=703290)[0m                                  'lora': {'a2a_experimental': False,
[36m(DAPOTaskRunner pid=703290)[0m                                           'adapter_path': None,
[36m(DAPOTaskRunner pid=703290)[0m                                           'alpha': 32,
[36m(DAPOTaskRunner pid=703290)[0m                                           'dropout': 0.0,
[36m(DAPOTaskRunner pid=703290)[0m                                           'dropout_position': 'pre',
[36m(DAPOTaskRunner pid=703290)[0m                                           'dtype': None,
[36m(DAPOTaskRunner pid=703290)[0m                                           'exclude_modules': [],
[36m(DAPOTaskRunner pid=703290)[0m                                           'freeze_language_model': True,
[36m(DAPOTaskRunner pid=703290)[0m                                           'freeze_vision_model': True,
[36m(DAPOTaskRunner pid=703290)[0m                                           'freeze_vision_projection': True,
[36m(DAPOTaskRunner pid=703290)[0m                                           'lora_A_init_method': 'xavier',
[36m(DAPOTaskRunner pid=703290)[0m                                           'lora_B_init_method': 'zero',
[36m(DAPOTaskRunner pid=703290)[0m                                           'merge': False,
[36m(DAPOTaskRunner pid=703290)[0m                                           'rank': 0,
[36m(DAPOTaskRunner pid=703290)[0m                                           'target_modules': ['linear_qkv',
[36m(DAPOTaskRunner pid=703290)[0m                                                              'linear_proj',
[36m(DAPOTaskRunner pid=703290)[0m                                                              'linear_fc1',
[36m(DAPOTaskRunner pid=703290)[0m                                                              'linear_fc2'],
[36m(DAPOTaskRunner pid=703290)[0m                                           'type': 'lora'},
[36m(DAPOTaskRunner pid=703290)[0m                                  'lora_adapter_path': None,
[36m(DAPOTaskRunner pid=703290)[0m                                  'lora_alpha': 32,
[36m(DAPOTaskRunner pid=703290)[0m                                  'lora_rank': 8,
[36m(DAPOTaskRunner pid=703290)[0m                                  'mtp': 
[36m(DAPOTaskRunner pid=703290)[0m {'_target_': 'verl.workers.config.MtpConfig',
[36m(DAPOTaskRunner pid=703290)[0m                                          'detach_encoder': False,
[36m(DAPOTaskRunner pid=703290)[0m                                          'enable': False,
[36m(DAPOTaskRunner pid=703290)[0m                                          'enable_rollout': False,
[36m(DAPOTaskRunner pid=703290)[0m                                          'enable_train': False,
[36m(DAPOTaskRunner pid=703290)[0m                                          'method': 'mtp',
[36m(DAPOTaskRunner pid=703290)[0m                                          'mtp_loss_scaling_factor': 0.1,
[36m(DAPOTaskRunner pid=703290)[0m                                          'num_speculative_tokens': 1,
[36m(DAPOTaskRunner pid=703290)[0m                                          'speculative_algorithm': 'EAGLE',
[36m(DAPOTaskRunner pid=703290)[0m                                          'speculative_eagle_topk': 1,
[36m(DAPOTaskRunner pid=703290)[0m                                          'speculative_num_draft_tokens': 4,
[36m(DAPOTaskRunner pid=703290)[0m                                          'speculative_num_steps': 3},
[36m(DAPOTaskRunner pid=703290)[0m                                  'override_config': {'attn_implementation': 'sdpa'},
[36m(DAPOTaskRunner pid=703290)[0m                                  'path': '/home/chen/models/Qwen/Qwen3.5-9B',
[36m(DAPOTaskRunner pid=703290)[0m                                  'target_modules': 'all-linear',
[36m(DAPOTaskRunner pid=703290)[0m                                  'tiled_mlp': {'enabled': False,
[36m(DAPOTaskRunner pid=703290)[0m                                                'num_shards': 4},
[36m(DAPOTaskRunner pid=703290)[0m                                  'tokenizer_path': None,
[36m(DAPOTaskRunner pid=703290)[0m                                  'trust_remote_code': False,
[36m(DAPOTaskRunner pid=703290)[0m                                  'use_fused_kernels': True,
[36m(DAPOTaskRunner pid=703290)[0m                                  'use_liger': False,
[36m(DAPOTaskRunner pid=703290)[0m                                  'use_remove_padding': False,
[36m(DAPOTaskRunner pid=703290)[0m                                  'use_shm': False},
[36m(DAPOTaskRunner pid=703290)[0m                        'nccl_timeout': 600,
[36m(DAPOTaskRunner pid=703290)[0m                        'ref': {'_target_': 'verl.workers.config.FSDPActorConfig',
[36m(DAPOTaskRunner pid=703290)[0m                                'entropy_checkpointing': False,
[36m(DAPOTaskRunner pid=703290)[0m                                'entropy_from_logits_chunk_size': 2048,
[36m(DAPOTaskRunner pid=703290)[0m                                'entropy_from_logits_with_chunking': False,
[36m(DAPOTaskRunner pid=703290)[0m                                'fsdp_config': {'_target_': 'verl.workers.config.FSDPEngineConfig',
[36m(DAPOTaskRunner pid=703290)[0m                                                'dtype': 'bfloat16',
[36m(DAPOTaskRunner pid=703290)[0m                                                'entropy_checkpointing': False,
[36m(DAPOTaskRunner pid=703290)[0m                                                'entropy_from_logits_chunk_size': 2048,
[36m(DAPOTaskRunner pid=703290)[0m                                                'entropy_from_logits_with_chunking': False,
[36m(DAPOTaskRunner pid=703290)[0m                                                'forward_only': True,
[36m(DAPOTaskRunner pid=703290)[0m                                                'forward_prefetch': False,
[36m(DAPOTaskRunner pid=703290)[0m                                                'fsdp_size': -1,
[36m(DAPOTaskRunner pid=703290)[0m                                                'full_determinism': False,
[36m(DAPOTaskRunner pid=703290)[0m                                                'model_dtype': 'fp32',
[36m(DAPOTaskRunner pid=703290)[0m                                                'offload_policy': False,
[36m(DAPOTaskRunner pid=703290)[0m                                                'optimizer_offload': False,
[36m(DAPOTaskRunner pid=703290)[0m                                                'pad_to_length': False,
[36m(DAPOTaskRunner pid=703290)[0m                                                'pad_to_length_bucket': 1024,
[36m(DAPOTaskRunner pid=703290)[0m                                                'param_offload': False,
[36m(DAPOTaskRunner pid=703290)[0m                                                'qat': {'_target_': 'verl.workers.config.QATEngineConfig',
[36m(DAPOTaskRunner pid=703290)[0m                                                        'activation_observer': 'static_minmax',
[36m(DAPOTaskRunner pid=703290)[0m                                                        'enable': False,
[36m(DAPOTaskRunner pid=703290)[0m                                                        'group_size': 16,
[36m(DAPOTaskRunner pid=703290)[0m                                                        'ignore_patterns': ['lm_head',
[36m(DAPOTaskRunner pid=703290)[0m                                                                            'embed_tokens',
[36m(DAPOTaskRunner pid=703290)[0m                                                                            're:.*mlp.gate$'],
[36m(DAPOTaskRunner pid=703290)[0m                                                        'mode': 'w4a16',
[36m(DAPOTaskRunner pid=703290)[0m                                                        'quantization_config_path': None},
[36m(DAPOTaskRunner pid=703290)[0m                                                'reshard_after_forward': True,
[36m(DAPOTaskRunner pid=703290)[0m                                                'seed': 42,
[36m(DAPOTaskRunner pid=703290)[0m                                                'strategy': 'fsdp',
[36m(DAPOTaskRunner pid=703290)[0m                                                'turbo_config': {'distributed': {'expert_fully_shard_parallel_size': 1,
[36m(DAPOTaskRunner pid=703290)[0m                                                                                 'expert_parallel_size': 1,
[36m(DAPOTaskRunner pid=703290)[0m                                                                                 'fsdp_plan': {'fsdp_implementation': 'native',
[36m(DAPOTaskRunner pid=703290)[0m                                                                                               'num_to_backward_prefetch': 1,
[36m(DAPOTaskRunner pid=703290)[0m                                                                                               'num_to_forward_prefetch': 1,
[36m(DAPOTaskRunner pid=703290)[0m                                                                                               'output_dtype': 'bf16',
[36m(DAPOTaskRunner pid=703290)[0m                                                                                               'param_dtype': 'bf16',
[36m(DAPOTaskRunner pid=703290)[0m                                                                                               'reduce_dtype': 'fp32'},
[36m(DAPOTaskRunner pid=703290)[0m                                                                                 'fully_shard_parallel_size': 16,
[36m(DAPOTaskRunner pid=703290)[0m                                                                                 'tensor_parallel_size': 1,
[36m(DAPOTaskRunner pid=703290)[0m                                                                                 'ulysses_parallel_size': 1}},
[36m(DAPOTaskRunner pid=703290)[0m                                                'ulysses_sequence_parallel_size': 1,
[36m(DAPOTaskRunner pid=703290)[0m                                                'use_no_sync_for_gradient_accumulation': False,
[36m(DAPOTaskRunner pid=703290)[0m                                                'use_orig_params': False,
[36m(DAPOTaskRunner pid=703290)[0m                                                'use_torch_compile': True,
[36m(DAPOTaskRunner pid=703290)[0m                                                'wrap_policy': {'min_num_params': 0}},
[36m(DAPOTaskRunner pid=703290)[0m                                'log_prob_max_token_len_per_gpu': 16384,
[36m(DAPOTaskRunner pid=703290)[0m                                'log_prob_micro_batch_size': None,
[36m(DAPOTaskRunner pid=703290)[0m                                'log_prob_micro_batch_size_per_gpu': None,
[36m(DAPOTaskRunner pid=703290)[0m                                'log_prob_use_dynamic_bsz': False,
[36m(DAPOTaskRunner pid=703290)[0m                                'pad_to_length': False,
[36m(DAPOTaskRunner pid=703290)[0m                                'profiler': {'_target_': 'verl.utils.profiler.ProfilerConfig',
[36m(DAPOTaskRunner pid=703290)[0m                                             'all_ranks': False,
[36m(DAPOTaskRunner pid=703290)[0m                                             'enable': False,
[36m(DAPOTaskRunner pid=703290)[0m                                             'finish_hook_all_ranks': False,
[36m(DAPOTaskRunner pid=703290)[0m                                             'finish_hook_cmd': None,
[36m(DAPOTaskRunner pid=703290)[0m                                             'finish_hook_ranks': [],
[36m(DAPOTaskRunner pid=703290)[0m                                             'ranks': [],
[36m(DAPOTaskRunner pid=703290)[0m                                             'relocate_results': False,
[36m(DAPOTaskRunner pid=703290)[0m                                             'save_path': 'outputs/profile',
[36m(DAPOTaskRunner pid=703290)[0m                                             'tool': None,
[36m(DAPOTaskRunner pid=703290)[0m                                             'tool_config': {'npu': {'_target_': 'verl.utils.profiler.config.NPUToolConfig',
[36m(DAPOTaskRunner pid=703290)[0m                                                                     'analysis': True,
[36m(DAPOTaskRunner pid=703290)[0m                                                                     'contents': [],
[36m(DAPOTaskRunner pid=703290)[0m                                                                     'discrete': False,
[36m(DAPOTaskRunner pid=703290)[0m                                                                     'level': 'level0'},
[36m(DAPOTaskRunner pid=703290)[0m                                                             'nsys': {'_target_': 'verl.utils.profiler.config.NsightToolConfig',
[36m(DAPOTaskRunner pid=703290)[0m                                                                      'discrete': False},
[36m(DAPOTaskRunner pid=703290)[0m                                                             'precision_debugger': {'_target_': 'verl.utils.profiler.config.PrecisionDebuggerToolConfig',
[36m(DAPOTaskRunner pid=703290)[0m                                                                                    'config_path': None,
[36m(DAPOTaskRunner pid=703290)[0m                                                                                    'stages': None,
[36m(DAPOTaskRunner pid=703290)[0m                                                                                    'steps': None,
[36m(DAPOTaskRunner pid=703290)[0m                                                                                    'strict': False},
[36m(DAPOTaskRunner pid=703290)[0m                                                             'torch': {'_target_': 'verl.utils.profiler.config.TorchProfilerToolConfig',
[36m(DAPOTaskRunner pid=703290)[0m                                                                       'contents': [],
[36m(DAPOTaskRunner pid=703290)[0m                                                                       'discrete': False,
[36m(DAPOTaskRunner pid=703290)[0m                                                                       'schedule': {'_target_': 'verl.utils.profiler.config.TorchProfilerScheduleConfig',
[36m(DAPOTaskRunner pid=703290)[0m                                                                                    'active': 0,
[36m(DAPOTaskRunner pid=703290)[0m                                                                                    'repeat': 0,
[36m(DAPOTaskRunner pid=703290)[0m                                                                                    'skip_first': 0,
[36m(DAPOTaskRunner pid=703290)[0m                                                                                    'wait': 0,
[36m(DAPOTaskRunner pid=703290)[0m                                                                                    'warmup': 0}},
[36m(DAPOTaskRunner pid=703290)[0m                                                             'torch_memory': {'_target_': 'verl.utils.profiler.config.TorchMemoryToolConfig',
[36m(DAPOTaskRunner pid=703290)[0m                                                                              'stack_depth': 32,
[36m(DAPOTaskRunner pid=703290)[0m                                                                              'trace_alloc_max_entries': 100000}}},
[36m(DAPOTaskRunner pid=703290)[0m                                'rollout_n': 4,
[36m(DAPOTaskRunner pid=703290)[0m                                'strategy': 'fsdp2',
[36m(DAPOTaskRunner pid=703290)[0m                                'ulysses_sequence_parallel_size': 1,
[36m(DAPOTaskRunner pid=703290)[0m                                'use_torch_compile': False},
[36m(DAPOTaskRunner pid=703290)[0m                        'rollout': 
[36m(DAPOTaskRunner pid=703290)[0m {'_target_': 'verl.workers.config.RolloutConfig',
[36m(DAPOTaskRunner pid=703290)[0m                                    'agent': {'_target_': 'verl.workers.config.AgentLoopConfig',
[36m(DAPOTaskRunner pid=703290)[0m                                              'agent_loop_config_path': None,
[36m(DAPOTaskRunner pid=703290)[0m                                              'custom_async_server': {'_target_': 'verl.workers.config.CustomAsyncServerConfig',
[36m(DAPOTaskRunner pid=703290)[0m                                                                      'name': None,
[36m(DAPOTaskRunner pid=703290)[0m                                                                      'path': None},
[36m(DAPOTaskRunner pid=703290)[0m                                              'default_agent_loop': 'tool_agent',
[36m(DAPOTaskRunner pid=703290)[0m                                              'num_workers': 1},
[36m(DAPOTaskRunner pid=703290)[0m                                    'calculate_log_probs': True,
[36m(DAPOTaskRunner pid=703290)[0m                                    'checkpoint_engine': {'_target_': 'verl.workers.config.CheckpointEngineConfig',
[36m(DAPOTaskRunner pid=703290)[0m                                                          'backend': 'naive',
[36m(DAPOTaskRunner pid=703290)[0m                                                          'custom_backend_module': None,
[36m(DAPOTaskRunner pid=703290)[0m                                                          'engine_kwargs': {},
[36m(DAPOTaskRunner pid=703290)[0m                                                          'update_weights_bucket_megabytes': 2048},
[36m(DAPOTaskRunner pid=703290)[0m                                    'cudagraph_capture_sizes': [1, 2, 4],
[36m(DAPOTaskRunner pid=703290)[0m                                    'data_parallel_size': 1,
[36m(DAPOTaskRunner pid=703290)[0m                                    'disable_log_stats': False,
[36m(DAPOTaskRunner pid=703290)[0m                                    'disaggregation': {'bootstrap_port': None,
[36m(DAPOTaskRunner pid=703290)[0m                                                       'decode_replicas': 1,
[36m(DAPOTaskRunner pid=703290)[0m                                                       'decode_tensor_model_parallel_size': None,
[36m(DAPOTaskRunner pid=703290)[0m                                                       'enabled': False,
[36m(DAPOTaskRunner pid=703290)[0m                                                       'ib_device': None,
[36m(DAPOTaskRunner pid=703290)[0m                                                       'prefill_replicas': 1,
[36m(DAPOTaskRunner pid=703290)[0m                                                       'transfer_backend': 'nixl'},
[36m(DAPOTaskRunner pid=703290)[0m                                    'do_sample': True,
[36m(DAPOTaskRunner pid=703290)[0m                                    'dtype': 'bfloat16',
[36m(DAPOTaskRunner pid=703290)[0m                                    'enable_chunked_prefill': True,
[36m(DAPOTaskRunner pid=703290)[0m                                    'enable_prefix_caching': True,
[36m(DAPOTaskRunner pid=703290)[0m                                    'enable_rollout_routing_replay': False,
[36m(DAPOTaskRunner pid=703290)[0m                                    'enforce_eager': False,
[36m(DAPOTaskRunner pid=703290)[0m                                    'engine_kwargs': {'sglang': {},
[36m(DAPOTaskRunner pid=703290)[0m                                                      'trtllm': {},
[36m(DAPOTaskRunner pid=703290)[0m                                                      'vllm': {}},
[36m(DAPOTaskRunner pid=703290)[0m                                    'expert_parallel_size': 1,
[36m(DAPOTaskRunner pid=703290)[0m                                    'free_cache_engine': True,
[36m(DAPOTaskRunner pid=703290)[0m                                    'full_determinism': False,
[36m(DAPOTaskRunner pid=703290)[0m                                    'gpu_memory_utilization': 0.5,
[36m(DAPOTaskRunner pid=703290)[0m                                    'ignore_eos': False,
[36m(DAPOTaskRunner pid=703290)[0m                                    'layered_summon': True,
[36m(DAPOTaskRunner pid=703290)[0m                                    'load_format': 'safetensors',
[36m(DAPOTaskRunner pid=703290)[0m                                    'log_prob_max_token_len_per_gpu': 16384,
[36m(DAPOTaskRunner pid=703290)[0m                                    'log_prob_micro_batch_size': None,
[36m(DAPOTaskRunner pid=703290)[0m                                    'log_prob_micro_batch_size_per_gpu': 1,
[36m(DAPOTaskRunner pid=703290)[0m                                    'log_prob_use_dynamic_bsz': False,
[36m(DAPOTaskRunner pid=703290)[0m                                    'logprobs_mode': 'processed_logprobs',
[36m(DAPOTaskRunner pid=703290)[0m                                    'max_model_len': 32768,
[36m(DAPOTaskRunner pid=703290)[0m                                    'max_num_batched_tokens': 8192,
[36m(DAPOTaskRunner pid=703290)[0m                                    'max_num_seqs': 4,
[36m(DAPOTaskRunner pid=703290)[0m                                    'mode': 'async',
[36m(DAPOTaskRunner pid=703290)[0m                                    'moe_load_balance_metrics_interval': 0,
[36m(DAPOTaskRunner pid=703290)[0m                                    'mtp': {'_target_': 'verl.workers.config.MtpConfig',
[36m(DAPOTaskRunner pid=703290)[0m                                            'detach_encoder': False,
[36m(DAPOTaskRunner pid=703290)[0m                                            'enable': False,
[36m(DAPOTaskRunner pid=703290)[0m                                            'enable_rollout': False,
[36m(DAPOTaskRunner pid=703290)[0m                                            'enable_train': False,
[36m(DAPOTaskRunner pid=703290)[0m                                            'method': 'mtp',
[36m(DAPOTaskRunner pid=703290)[0m                                            'mtp_loss_scaling_factor': 0.1,
[36m(DAPOTaskRunner pid=703290)[0m                                            'num_speculative_tokens': 1,
[36m(DAPOTaskRunner pid=703290)[0m                                            'speculative_algorithm': 'EAGLE',
[36m(DAPOTaskRunner pid=703290)[0m                                            'speculative_eagle_topk': 1,
[36m(DAPOTaskRunner pid=703290)[0m                                            'speculative_num_draft_tokens': 4,
[36m(DAPOTaskRunner pid=703290)[0m                                            'speculative_num_steps': 3},
[36m(DAPOTaskRunner pid=703290)[0m                                    'multi_stage_wake_up': False,
[36m(DAPOTaskRunner pid=703290)[0m                                    'multi_turn': {'_target_': 'verl.workers.config.MultiTurnConfig',
[36m(DAPOTaskRunner pid=703290)[0m                                                   'enable': True,
[36m(DAPOTaskRunner pid=703290)[0m                                                   'format': 'qwen3_coder',
[36m(DAPOTaskRunner pid=703290)[0m                                                   'function_tool_path': None,
[36m(DAPOTaskRunner pid=703290)[0m                                                   'max_assistant_turns': None,
[36m(DAPOTaskRunner pid=703290)[0m                                                   'max_parallel_calls': 1,
[36m(DAPOTaskRunner pid=703290)[0m                                                   'max_tool_response_length': 131072,
[36m(DAPOTaskRunner pid=703290)[0m                                                   'max_user_turns': None,
[36m(DAPOTaskRunner pid=703290)[0m                                                   'num_repeat_rollouts': None,
[36m(DAPOTaskRunner pid=703290)[0m                                                   'tokenization_sanity_check_mode': 'strict',
[36m(DAPOTaskRunner pid=703290)[0m                                                   'tool_config_path': '/home/chen/projects/self-play-in-the-causal-world-rewardv10-a92ab8e-20260831/configs/verl/cpt_world_tools.yaml',
[36m(DAPOTaskRunner pid=703290)[0m                                                   'tool_response_truncate_side': 'middle',
[36m(DAPOTaskRunner pid=703290)[0m                                                   'use_inference_chat_template': False},
[36m(DAPOTaskRunner pid=703290)[0m                                    'n': 4,
[36m(DAPOTaskRunner pid=703290)[0m                                    'n_gpus_per_node': 1,
[36m(DAPOTaskRunner pid=703290)[0m                                    'name': 'vllm',
[36m(DAPOTaskRunner pid=703290)[0m                                    'nnodes': 0,
[36m(DAPOTaskRunner pid=703290)[0m                                    'over_sample_rate': 0,
[36m(DAPOTaskRunner pid=703290)[0m                                    'pipeline_model_parallel_size': 1,
[36m(DAPOTaskRunner pid=703290)[0m                                    'profiler': {'_target_': 'verl.utils.profiler.ProfilerConfig',
[36m(DAPOTaskRunner pid=703290)[0m                                                 'all_ranks': False,
[36m(DAPOTaskRunner pid=703290)[0m                                                 'enable': False,
[36m(DAPOTaskRunner pid=703290)[0m                                                 'finish_hook_all_ranks': False,
[36m(DAPOTaskRunner pid=703290)[0m                                                 'finish_hook_cmd': None,
[36m(DAPOTaskRunner pid=703290)[0m                                                 'finish_hook_ranks': [],
[36m(DAPOTaskRunner pid=703290)[0m                                                 'ranks': [],
[36m(DAPOTaskRunner pid=703290)[0m                                                 'relocate_results': False,
[36m(DAPOTaskRunner pid=703290)[0m                                                 'save_path': 'outputs/profile',
[36m(DAPOTaskRunner pid=703290)[0m                                                 'tool': None,
[36m(DAPOTaskRunner pid=703290)[0m                                                 'tool_config': {'npu': {'_target_': 'verl.utils.profiler.config.NPUToolConfig',
[36m(DAPOTaskRunner pid=703290)[0m                                                                         'analysis': True,
[36m(DAPOTaskRunner pid=703290)[0m                                                                         'contents': [],
[36m(DAPOTaskRunner pid=703290)[0m                                                                         'discrete': False,
[36m(DAPOTaskRunner pid=703290)[0m                                                                         'level': 'level0',
[36m(DAPOTaskRunner pid=703290)[0m                                                                         'profile_token_end': None,
[36m(DAPOTaskRunner pid=703290)[0m                                                                         'profile_token_start': None},
[36m(DAPOTaskRunner pid=703290)[0m                                                                 'precision_debugger': {'_target_': 'verl.utils.profiler.config.PrecisionDebuggerToolConfig',
[36m(DAPOTaskRunner pid=703290)[0m                                                                                        'config_path': None,
[36m(DAPOTaskRunner pid=703290)[0m                                                                                        'stages': None,
[36m(DAPOTaskRunner pid=703290)[0m                                                                                        'steps': None,
[36m(DAPOTaskRunner pid=703290)[0m                                                                                        'strict': False},
[36m(DAPOTaskRunner pid=703290)[0m                                                                 'torch': {'_target_': 'verl.utils.profiler.config.TorchProfilerToolConfig',
[36m(DAPOTaskRunner pid=703290)[0m                                                                           'contents': [],
[36m(DAPOTaskRunner pid=703290)[0m                                                                           'discrete': False,
[36m(DAPOTaskRunner pid=703290)[0m                                                                           'profile_token_end': None,
[36m(DAPOTaskRunner pid=703290)[0m                                                                           'profile_token_start': None}}},
[36m(DAPOTaskRunner pid=703290)[0m                                    'prometheus': {'_target_': 'verl.workers.config.PrometheusConf
[36m(DAPOTaskRunner pid=703290)[0m ig',
[36m(DAPOTaskRunner pid=703290)[0m                                                   'enable': False,
[36m(DAPOTaskRunner pid=703290)[0m                                                   'file': '/tmp/ray/session_latest/metrics/prometheus/prometheus.yml',
[36m(DAPOTaskRunner pid=703290)[0m                                                   'port': 9090,
[36m(DAPOTaskRunner pid=703290)[0m                                                   'served_model_name': '/home/chen/models/Qwen/Qwen3.5-9B'},
[36m(DAPOTaskRunner pid=703290)[0m                                    'prompt_length': 2048,
[36m(DAPOTaskRunner pid=703290)[0m                                    'qat': {'_target_': 'verl.workers.config.QATEngineConfig',
[36m(DAPOTaskRunner pid=703290)[0m                                            'activation_observer': 'static_minmax',
[36m(DAPOTaskRunner pid=703290)[0m                                            'enable': False,
[36m(DAPOTaskRunner pid=703290)[0m                                            'group_size': 16,
[36m(DAPOTaskRunner pid=703290)[0m                                            'ignore_patterns': ['lm_head',
[36m(DAPOTaskRunner pid=703290)[0m                                                                'embed_tokens',
[36m(DAPOTaskRunner pid=703290)[0m                                                                're:.*mlp.gate$'],
[36m(DAPOTaskRunner pid=703290)[0m                                            'mode': 'w4a16',
[36m(DAPOTaskRunner pid=703290)[0m                                            'quantization_config_path': None},
[36m(DAPOTaskRunner pid=703290)[0m                                    'quantization': None,
[36m(DAPOTaskRunner pid=703290)[0m                                    'quantization_config_file': None,
[36m(DAPOTaskRunner pid=703290)[0m                                    'response_length': 30720,
[36m(DAPOTaskRunner pid=703290)[0m                                    'router_config_path': None,
[36m(DAPOTaskRunner pid=703290)[0m                                    'scheduling_policy': 'fcfs',
[36m(DAPOTaskRunner pid=703290)[0m                                    'seed': 42,
[36m(DAPOTaskRunner pid=703290)[0m                                    'skip_tokenizer_init': True,
[36m(DAPOTaskRunner pid=703290)[0m                                    'temperature': 1.0,
[36m(DAPOTaskRunner pid=703290)[0m                                    'tensor_model_parallel_size': 1,
[36m(DAPOTaskRunner pid=703290)[0m                                    'top_k': -1,
[36m(DAPOTaskRunner pid=703290)[0m                                    'top_p': 1.0,
[36m(DAPOTaskRunner pid=703290)[0m                                    'trace': {'_target_': 'verl.workers.config.TraceConfig',
[36m(DAPOTaskRunner pid=703290)[0m                                              'backend': None,
[36m(DAPOTaskRunner pid=703290)[0m                                              'experiment_name': 'verified-resume-progress',
[36m(DAPOTaskRunner pid=703290)[0m                                              'max_samples_per_step_per_worker': None,
[36m(DAPOTaskRunner pid=703290)[0m                                              'project_name': 'cpt-world-dapo',
[36m(DAPOTaskRunner pid=703290)[0m                                              'token2text': False},
[36m(DAPOTaskRunner pid=703290)[0m                                    'val_kwargs': {'_target_': 'verl.workers.config.SamplingConfig',
[36m(DAPOTaskRunner pid=703290)[0m                                                   'do_sample': False,
[36m(DAPOTaskRunner pid=703290)[0m                                                   'n': 1,
[36m(DAPOTaskRunner pid=703290)[0m                                                   'temperature': 0.0,
[36m(DAPOTaskRunner pid=703290)[0m                                                   'top_k': -1,
[36m(DAPOTaskRunner pid=703290)[0m                                                   'top_p': 1.0}}},
[36m(DAPOTaskRunner pid=703290)[0m  'algorithm': {'_target_': 'verl.trainer.config.AlgoConfig',
[36m(DAPOTaskRunner pid=703290)[0m                'adv_estimator': 'grpo',
[36m(DAPOTaskRunner pid=703290)[0m                'filter_groups': {'_target_': 'verl.trainer.config.FilterGroupsConfig',
[36m(DAPOTaskRunner pid=703290)[0m                                  'enable': True,
[36m(DAPOTaskRunner pid=703290)[0m                                  'max_inflight_gen_batches': 1,
[36m(DAPOTaskRunner pid=703290)[0m                                  'max_num_gen_batches': 10,
[36m(DAPOTaskRunner pid=703290)[0m                                  'metric': 'acc'},
[36m(DAPOTaskRunner pid=703290)[0m                'gamma': 1.0,
[36m(DAPOTaskRunner pid=703290)[0m                'kl_ctrl': {'_target_': 'verl.trainer.config.KLControlConfig',
[36m(DAPOTaskRunner pid=703290)[0m                            'horizon': 10000,
[36m(DAPOTaskRunner pid=703290)[0m                            'kl_coef': 0.0,
[36m(DAPOTaskRunner pid=703290)[0m                            'target_kl': 0.1,
[36m(DAPOTaskRunner pid=703290)[0m                            'type': 'fixed'},
[36m(DAPOTaskRunner pid=703290)[0m                'kl_penalty': 'kl',
[36m(DAPOTaskRunner pid=703290)[0m                'lam': 1.0,
[36m(DAPOTaskRunner pid=703290)[0m                'norm_adv_by_std_in_grpo': True,
[36m(DAPOTaskRunner pid=703290)[0m                'pf_ppo': {'reweight_method': 'pow', 'weight_pow': 2.0},
[36m(DAPOTaskRunner pid=703290)[0m                'rollout_correction': {'bypass_mode': False,
[36m(DAPOTaskRunner pid=703290)[0m                                       'loss_type': 'ppo_clip',
[36m(DAPOTaskRunner pid=703290)[0m                                       'rollout_is': 'token',
[36m(DAPOTaskRunner pid=703290)[0m                                       'rollout_is_batch_normalize': False,
[36m(DAPOTaskRunner pid=703290)[0m                                       'rollout_is_threshold': 2.0,
[36m(DAPOTaskRunner pid=703290)[0m                                       'rollout_rs': None,
[36m(DAPOTaskRunner pid=703290)[0m                                       'rollout_rs_threshold': None},
[36m(DAPOTaskRunner pid=703290)[0m                'use_kl_in_reward': False,
[36m(DAPOTaskRunner pid=703290)[0m                'use_pf_ppo': False},
[36m(DAPOTaskRunner pid=703290)[0m  'critic': {'_target_': 'verl.workers.config.FSDPCriticConfig',
[36m(DAPOTaskRunner pid=703290)[0m             'checkpoint': {'_target_': 'verl.trainer.config.CheckpointConfig',
[36m(DAPOTaskRunner pid=703290)[0m                            'async_save': False,
[36m(DAPOTaskRunner pid=703290)[0m                            'load_contents': ['model', 'optimizer', 'extra'],
[36m(DAPOTaskRunner pid=703290)[0m                            'save_contents': ['model', 'optimizer', 'extra']},
[36m(DAPOTaskRunner pid=703290)[0m             'cliprange_value': 0.5,
[36m(DAPOTaskRunner pid=703290)[0m             'data_loader_seed': 42,
[36m(DAPOTaskRunner pid=703290)[0m             'enable': None,
[36m(DAPOTaskRunner pid=703290)[0m             'forward_max_token_len_per_gpu': 32768,
[36m(DAPOTaskRunner pid=703290)[0m             'forward_micro_batch_size': None,
[36m(DAPOTaskRunner pid=703290)[0m             'forward_micro_batch_size_per_gpu': None,
[36m(DAPOTaskRunner pid=703290)[0m             'fsdp': {'_target_': 'verl.workers.config.FSDPEngineConfig',
[36m(DAPOTaskRunner pid=703290)[0m                      'dtype': 'bfloat16',
[36m(DAPOTaskRunner pid=703290)[0m                      'entropy_checkpointing': False,
[36m(DAPOTaskRunner pid=703290)[0m                      'entropy_from_logits_chunk_size': 2048,
[36m(DAPOTaskRunner pid=703290)[0m                      'entropy_from_logits_with_chunking': False,
[36m(DAPOTaskRunner pid=703290)[0m                      'forward_only': False,
[36m(DAPOTaskRunner pid=703290)[0m                      'forward_prefetch': False,
[36m(DAPOTaskRunner pid=703290)[0m                      'fsdp_size': -1,
[36m(DAPOTaskRunner pid=703290)[0m                      'full_determinism': False,
[36m(DAPOTaskRunner pid=703290)[0m                      'model_dtype': 'fp32',
[36m(DAPOTaskRunner pid=703290)[0m                      'offload_policy': False,
[36m(DAPOTaskRunner pid=703290)[0m                      'optimizer_offload': False,
[36m(DAPOTaskRunner pid=703290)[0m                      'pad_to_length': False,
[36m(DAPOTaskRunner pid=703290)[0m                      'pad_to_length_bucket': 1024,
[36m(DAPOTaskRunner pid=703290)[0m                      'param_offload': False,
[36m(DAPOTaskRunner pid=703290)[0m                      'qat': {'_target_': 'verl.workers.config.QATEngineConfig',
[36m(DAPOTaskRunner pid=703290)[0m                              'activation_observer': 'static_minmax',
[36m(DAPOTaskRunner pid=703290)[0m                              'enable': False,
[36m(DAPOTaskRunner pid=703290)[0m                              'group_size': 16,
[36m(DAPOTaskRunner pid=703290)[0m                              'ignore_patterns': ['lm_head',
[36m(DAPOTaskRunner pid=703290)[0m                                                  'embed_tokens',
[36m(DAPOTaskRunner pid=703290)[0m                                                  're:.*mlp.gate$'],
[36m(DAPOTaskRunner pid=703290)[0m                              'mode': 'w4a16',
[36m(DAPOTaskRunner pid=703290)[0m                              'quantization_config_path': None},
[36m(DAPOTaskRunner pid=703290)[0m                      'reshard_after_forward': True,
[36m(DAPOTaskRunner pid=703290)[0m                      'seed': 42,
[36m(DAPOTaskRunner pid=703290)[0m                      'strategy': 'fsdp',
[36m(DAPOTaskRunner pid=703290)[0m                      'turbo_config': {'distributed': {
[36m(DAPOTaskRunner pid=703290)[0m 'expert_fully_shard_parallel_size': 
[36m(DAPOTaskRunner pid=703290)[0m 1,
[36m(DAPOTaskRunner pid=703290)[0m                                                       'expert_parallel_size': 
[36m(DAPOTaskRunner pid=703290)[0m 1,
[36m(DAPOTaskRunner pid=703290)[0m                                                       'fsdp_plan': 
[36m(DAPOTaskRunner pid=703290)[0m {'fsdp_implementation': 'native',
[36m(DAPOTaskRunner pid=703290)[0m                                                                     'num_to_backward_prefetch': 1,
[36m(DAPOTaskRunner pid=703290)[0m                                                                     'num_to_forward_prefetch': 1,
[36m(DAPOTaskRunner pid=703290)[0m                                                                     'output_dtype': 'bf16',
[36m(DAPOTaskRunner pid=703290)[0m                                                                     'param_dtype': 'bf16',
[36m(DAPOTaskRunner pid=703290)[0m                                                                     'reduce_dtype': 'fp32'},
[36m(DAPOTaskRunner pid=703290)[0m                                                       'fully_shard_parallel_size': 16,
[36m(DAPOTaskRunner pid=703290)[0m                                                       'tensor_parallel_size': 1,
[36m(DAPOTaskRunner pid=703290)[0m                                                       'ulysses_parallel_size': 1}},
[36m(DAPOTaskRunner pid=703290)[0m                      'ulysses_sequence_parallel_size': 1,
[36m(DAPOTaskRunner pid=703290)[0m                      'use_no_sync_for_gradient_accumulation': False,
[36m(DAPOTaskRunner pid=703290)[0m                      'use_orig_params': False,
[36m(DAPOTaskRunner pid=703290)[0m                      'use_torch_compile': True,
[36m(DAPOTaskRunner pid=703290)[0m                      'wrap_policy': {'min_num_params': 0}},
[36m(DAPOTaskRunner pid=703290)[0m             'grad_clip': 1.0,
[36m(DAPOTaskRunner pid=703290)[0m             'loss_agg_mode': 'token-mean',
[36m(DAPOTaskRunner pid=703290)[0m             'loss_scale_factor': None,
[36m(DAPOTaskRunner pid=703290)[0m             'model': {'_target_': 'verl.workers.config.HFModelConfig',
[36m(DAPOTaskRunner pid=703290)[0m                       'custom_chat_template': None,
[36m(DAPOTaskRunner pid=703290)[0m                       'enable_activation_offload': False,
[36m(DAPOTaskRunner pid=703290)[0m                       'enable_gradient_checkpointing': True,
[36m(DAPOTaskRunner pid=703290)[0m                       'exclude_modules': None,
[36m(DAPOTaskRunner pid=703290)[0m                       'external_lib': None,
[36m(DAPOTaskRunner pid=703290)[0m                       'fused_kernel_options': {'impl_backend': 'torch'},
[36m(DAPOTaskRunner pid=703290)[0m                       'hf_config_path': None,
[36m(DAPOTaskRunner pid=703290)[0m                       'lora': {'a2a_experimental': False,
[36m(DAPOTaskRunner pid=703290)[0m                                'adapter_path': None,
[36m(DAPOTaskRunner pid=703290)[0m                                'alpha': 32,
[36m(DAPOTaskRunner pid=703290)[0m                                'dropout': 0.0,
[36m(DAPOTaskRunner pid=703290)[0m                                'dropout_position': 'pre',
[36m(DAPOTaskRunner pid=703290)[0m                                'dtype': None,
[36m(DAPOTaskRunner pid=703290)[0m                                'exclude_modules': [],
[36m(DAPOTaskRunner pid=703290)[0m                                'freeze_language_model': True,
[36m(DAPOTaskRunner pid=703290)[0m                                'freeze_vision_model': True,
[36m(DAPOTaskRunner pid=703290)[0m                                'freeze_vision_projection': True,
[36m(DAPOTaskRunner pid=703290)[0m                                'lora_A_init_method': 'xavier',
[36m(DAPOTaskRunner pid=703290)[0m                                'lora_B_init_method': 'zero',
[36m(DAPOTaskRunner pid=703290)[0m                                'merge': False,
[36m(DAPOTaskRunner pid=703290)[0m                                'rank': 0,
[36m(DAPOTaskRunner pid=703290)[0m                                'target_modules': ['linear_qkv',
[36m(DAPOTaskRunner pid=703290)[0m                                                   'linear_proj',
[36m(DAPOTaskRunner pid=703290)[0m                                                   'linear_fc1',
[36m(DAPOTaskRunner pid=703290)[0m                                                   'linear_fc2'],
[36m(DAPOTaskRunner pid=703290)[0m                                'type': 'lora'},
[36m(DAPOTaskRunner pid=703290)[0m                       'lora_adapter_path': None,
[36m(DAPOTaskRunner pid=703290)[0m                       'lora_alpha': 16,
[36m(DAPOTaskRunner pid=703290)[0m                       'lora_rank': 0,
[36m(DAPOTaskRunner pid=703290)[0m                       'mtp': {'_target_': 'verl.workers.config.MtpConfig',
[36m(DAPOTaskRunner pid=703290)[0m                               'detach_encoder': False,
[36m(DAPOTaskRunner pid=703290)[0m                               'enable': False,
[36m(DAPOTaskRunner pid=703290)[0m                               'enable_rollout': False,
[36m(DAPOTaskRunner pid=703290)[0m                               'enable_train': False,
[36m(DAPOTaskRunner pid=703290)[0m                               'method': 'mtp',
[36m(DAPOTaskRunner pid=703290)[0m                               'mtp_loss_scaling_factor': 0.1,
[36m(DAPOTaskRunner pid=703290)[0m                               'num_speculative_tokens': 1,
[36m(DAPOTaskRunner pid=703290)[0m                               'speculative_algorithm': 'EAGLE',
[36m(DAPOTaskRunner pid=703290)[0m                               'speculative_eagle_topk': 1,
[36m(DAPOTaskRunner pid=703290)[0m                               'speculative_num_draft_tokens': 4,
[36m(DAPOTaskRunner pid=703290)[0m                               'speculative_num_steps': 3},
[36m(DAPOTaskRunner pid=703290)[0m                       'override_config': {},
[36m(DAPOTaskRunner pid=703290)[0m                       'path': '~/models/deepseek-llm-7b-chat',
[36m(DAPOTaskRunner pid=703290)[0m                       'target_modules': 'all-linear',
[36m(DAPOTaskRunner pid=703290)[0m                       'tiled_mlp': {'enabled': False, 'num_shards': 4},
[36m(DAPOTaskRunner pid=703290)[0m                       'tokenizer_path': None,
[36m(DAPOTaskRunner pid=703290)[0m                       'trust_remote_code': False,
[36m(DAPOTaskRunner pid=703290)[0m                       'use_fused_kernels': False,
[36m(DAPOTaskRunner pid=703290)[0m                       'use_liger': False,
[36m(DAPOTaskRunner pid=703290)[0m                       'use_remove_padding': True,
[36m(DAPOTaskRunner pid=703290)[0m                       'use_shm': False},
[36m(DAPOTaskRunner pid=703290)[0m             'optim': {'_target_': 'verl.workers.config.FSDPOptimizerConfig',
[36m(DAPOTaskRunner pid=703290)[0m                       'betas': [0.9, 0.999],
[36m(DAPOTaskRunner pid=703290)[0m                       'clip_grad': 1.0,
[36m(DAPOTaskRunner pid=703290)[0m                       'lr': 1e-05,
[36m(DAPOTaskRunner pid=703290)[0m                       'lr_scheduler_type': 'constant',
[36m(DAPOTaskRunner pid=703290)[0m                       'lr_warmup_steps': -1,
[36m(DAPOTaskRunner pid=703290)[0m                       'lr_warmup_steps_ratio': 0.0,
[36m(DAPOTaskRunner pid=703290)[0m                       'min_lr_ratio': 0.0,
[36m(DAPOTaskRunner pid=703290)[0m                       'num_cycles': 0.5,
[36m(DAPOTaskRunner pid=703290)[0m                       'optimizer': 'AdamW',
[36m(DAPOTaskRunner pid=703290)[0m                       'optimizer_impl': 'torch.optim',
[36m(DAPOTaskRunner pid=703290)[0m                       'override_optimizer_config': None,
[36m(DAPOTaskRunner pid=703290)[0m                       'total_training_steps': -1,
[36m(DAPOTaskRunner pid=703290)[0m                       'warmup_style': None,
[36m(DAPOTaskRunner pid=703290)[0m                       'weight_decay': 0.01,
[36m(DAPOTaskRunner pid=703290)[0m                       'zero_indexed_step': True},
[36m(DAPOTaskRunner pid=703290)[0m             'ppo_epochs': 1,
[36m(DAPOTaskRunner pid=703290)[0m             'ppo_max_token_len_per_gpu': 32768,
[36m(DAPOTaskRunner pid=703290)[0m             'ppo_micro_batch_size': None,
[36m(DAPOTaskRunner pid=703290)[0m             'ppo_micro_batch_size_per_gpu': None,
[36m(DAPOTaskRunner pid=703290)[0m             'ppo_mini_batch_size': 1,
[36m(DAPOTaskRunner pid=703290)[0m             'profiler': {'_target_': 'verl.utils.profiler.ProfilerConfig',
[36m(DAPOTaskRunner pid=703290)[0m                          'all_ranks': False,
[36m(DAPOTaskRunner pid=703290)[0m                          'enable': False,
[36m(DAPOTaskRunner pid=703290)[0m                          'finish_hook_all_ranks': False,
[36m(DAPOTaskRunner pid=703290)[0m                          'finish_hook_cmd': None,
[36m(DAPOTaskRunner pid=703290)[0m                          'finish_hook_ranks': [],
[36m(DAPOTaskRunner pid=703290)[0m                          'ranks': [],
[36m(DAPOTaskRunner pid=703290)[0m                          'relocate_results': False,
[36m(DAPOTaskRunner pid=703290)[0m                          'save_path': 'outputs/profile',
[36m(DAPOTaskRunner pid=703290)[0m                          'tool': None,
[36m(DAPOTaskRunner pid=703290)[0m                          'tool_config': {'npu': {'_target_': 'verl.utils.profiler.config.NPUToolConfig',
[36m(DAPOTaskRunner pid=703290)[0m                                                  'analysis': True,
[36m(DAPOTaskRunner pid=703290)[0m                                                  'contents': [],
[36m(DAPOTaskRunner pid=703290)[0m                                                  'discrete': False,
[36m(DAPOTaskRunner pid=703290)[0m                                                  'level': 'level0'},
[36m(DAPOTaskRunner pid=703290)[0m                                          'nsys': {'_target_': 'verl.utils.profiler.config.NsightToolConfig',
[36m(DAPOTaskRunner pid=703290)[0m                                                   'discrete': False},
[36m(DAPOTaskRunner pid=703290)[0m                                          'precision_debugger': {'_target_': 'verl.utils.profiler.config.PrecisionDebuggerToolConfig',
[36m(DAPOTaskRunner pid=703290)[0m                                                                 'config_path': None,
[36m(DAPOTaskRunner pid=703290)[0m                                                                 'stages': None,
[36m(DAPOTaskRunner pid=703290)[0m                                                                 'steps': None,
[36m(DAPOTaskRunner pid=703290)[0m                                                                 'strict': False},
[36m(DAPOTaskRunner pid=703290)[0m                                          'torch': {'_target_': 'verl.utils.profiler.config.TorchProfilerToolConfig',
[36m(DAPOTaskRunner pid=703290)[0m                                                    'contents': [],
[36m(DAPOTaskRunner pid=703290)[0m                                                    'discrete': False,
[36m(DAPOTaskRunner pid=703290)[0m                                                    'schedule': {'_target_': 'verl.utils.profiler.config.TorchProfilerScheduleConfig',
[36m(DAPOTaskRunner pid=703290)[0m                                                                 'active': 0,
[36m(DAPOTaskRunner pid=703290)[0m                                                                 'repeat': 0,
[36m(DAPOTaskRunner pid=703290)[0m                                                                 'skip_first': 0,
[36m(DAPOTaskRunner pid=703290)[0m                                                                 'wait': 0,
[36m(DAPOTaskRunner pid=703290)[0m                                                                 'warmup': 0}},
[36m(DAPOTaskRunner pid=703290)[0m                                          'torch_memory': {'_target_': 'verl.utils.profiler.config.TorchMemoryToolConfig',
[36m(DAPOTaskRunner pid=703290)[0m                                                           'stack_depth': 32,
[36m(DAPOTaskRunner pid=703290)[0m                                                           'trace_alloc_max_entries': 100000}}},
[36m(DAPOTaskRunner pid=703290)[0m             'rollout_n': 4,
[36m(DAPOTaskRunner pid=703290)[0m             'shuffle': False,
[36m(DAPOTaskRunner pid=703290)[0m             'strategy': 'fsdp',
[36m(DAPOTaskRunner pid=703290)[0m             'ulysses_sequence_parallel_size': 1,
[36m(DAPOTaskRunner pid=703290)[0m             'use_dynamic_bsz': False},
[36m(DAPOTaskRunner pid=703290)[0m  'data': {'apply_chat_template_kwargs': {'enable_thinking': False},
[36m(DAPOTaskRunner pid=703290)[0m           'audio_key': 'audios',
[36m(DAPOTaskRunner pid=703290)[0m           'custom_cls': {'name': 'CPTWorldStreamingDataset',
[36m(DAPOTaskRunner pid=703290)[0m                          'path': '/home/chen/projects/self-play-in-the-causal-world-rewardv10-a92ab8e-20260831/src/cpt_world/verl_streaming_dataset.py'},
[36m(DAPOTaskRunner pid=703290)[0m           'dataloader_num_workers': 0,
[36m(DAPOTaskRunner pid=703290)[0m           'filter_overlong_prompts': False,
[36m(DAPOTaskRunner pid=703290)[0m           'filter_overlong_prompts_workers': 1,
[36m(DAPOTaskRunner pid=703290)[0m           'function_tool_path': None,
[36m(DAPOTaskRunner pid=703290)[0m           'gen_batch_size': 1,
[36m(DAPOTaskRunner pid=703290)[0m           'image_key': 'images',
[36m(DAPOTaskRunner pid=703290)[0m           'image_patch_size': 14,
[36m(DAPOTaskRunner pid=703290)[0m           'max_prompt_length': 2048,
[36m(DAPOTaskRunner pid=703290)[0m           'max_response_length': 30720,
[36m(DAPOTaskRunner pid=703290)[0m           'mm_processor_kwargs': {},
[36m(DAPOTaskRunner pid=703290)[0m           'prompt_key': 'prompt',
[36m(DAPOTaskRunner pid=703290)[0m           'return_full_prompt': False,
[36m(DAPOTaskRunner pid=703290)[0m           'return_multi_modal_inputs': True,
[36m(DAPOTaskRunner pid=703290)[0m           'return_raw_chat': True,
[36m(DAPOTaskRunner pid=703290)[0m           'return_raw_input_ids': False,
[36m(DAPOTaskRunner pid=703290)[0m           'reward_fn_key': 'data_source',
[36m(DAPOTaskRunner pid=703290)[0m           'seed': 42,
[36m(DAPOTaskRunner pid=703290)[0m           'shuffle': False,
[36m(DAPOTaskRunner pid=703290)[0m           'tokenizer': None,
[36m(DAPOTaskRunner pid=703290)[0m           'tool_config_path': 
[36m(DAPOTaskRunner pid=703290)[0m '/home/chen/projects/self-play-in-the-causal-world-rewardv10-a92ab8e-20260831/configs/verl/cpt_world_tools.yaml',
[36m(DAPOTaskRunner pid=703290)[0m           'train_batch_size': 1,
[36m(DAPOTaskRunner pid=703290)[0m           'train_files': 
[36m(DAPOTaskRunner pid=703290)[0m '/home/chen/runs/continuous-training-restore-20260908/resume-stream-01/stream.json',
[36m(DAPOTaskRunner pid=703290)[0m           'train_max_samples': -1,
[36m(DAPOTaskRunner pid=703290)[0m           'truncation': 'error',
[36m(DAPOTaskRunner pid=703290)[0m           'trust_remote_code': False,
[36m(DAPOTaskRunner pid=703290)[0m           'use_shm': False,
[36m(DAPOTaskRunner pid=703290)[0m           'val_batch_size': 5,
[36m(DAPOTaskRunner pid=703290)[0m           'val_files': 
[36m(DAPOTaskRunner pid=703290)[0m '/home/chen/runs/training-submission-20260907/data/validation.parquet',
[36m(DAPOTaskRunner pid=703290)[0m           'val_max_samples': -1,
[36m(DAPOTaskRunner pid=703290)[0m           'validation_shuffle': False,
[36m(DAPOTaskRunner pid=703290)[0m           'video_key': 
[36m(DAPOTaskRunner pid=703290)[0m 'videos'}
[36m(DAPOTaskRunner pid=703290)[0m ,
[36m(DAPOTaskRunner pid=703290)[0m  'distillation': 
[36m(DAPOTaskRunner pid=703290)[0m {'_target_': 'verl.workers.config.DistillationConfig',
[36m(DAPOTaskRunner pid=703290)[0m                   'distillation_loss': {'_target_': 'verl.workers.config.DistillationLossConfig',
[36m(DAPOTaskRunner pid=703290)[0m                                         'clip_ratio': 0.2,
[36m(DAPOTaskRunner pid=703290)[0m                                         'clip_ratio_high': 0.2,
[36m(DAPOTaskRunner pid=703290)[0m                                         'clip_ratio_low': 0.2,
[36m(DAPOTaskRunner pid=703290)[0m                                         'distillation_loss_coef': 1.0,
[36m(DAPOTaskRunner pid=703290)[0m                                         'log_prob_min_clamp': None,
[36m(DAPOTaskRunner pid=703290)[0m                                         'loss_max_clamp': None,
[36m(DAPOTaskRunner pid=703290)[0m                                         'loss_mode': 'k3',
[36m(DAPOTaskRunner pid=703290)[0m                                         'policy_loss_mode': 'vanilla',
[36m(DAPOTaskRunner pid=703290)[0m                                         'topk': 32,
[36m(DAPOTaskRunner pid=703290)[0m                                         'use_policy_gradient': False,
[36m(DAPOTaskRunner pid=703290)[0m                                         'use_task_rewards': True},
[36m(DAPOTaskRunner pid=703290)[0m                   'enabled': False,
[36m(DAPOTaskRunner pid=703290)[0m                   'n_gpus_per_node': 8,
[36m(DAPOTaskRunner pid=703290)[0m                   'nnodes': 0,
[36m(DAPOTaskRunner pid=703290)[0m                   'teacher_key': 'data_source',
[36m(DAPOTaskRunner pid=703290)[0m                   'teacher_models': {'teacher_model': {'_target_': 'verl.workers.config.DistillationTeacherModelConfig',
[36m(DAPOTaskRunner pid=703290)[0m                                                        'inference': {'_target_': 'verl.workers.config.RolloutConfig',
[36m(DAPOTaskRunner pid=703290)[0m                                                                      'cudagraph_capture_sizes': None,
[36m(DAPOTaskRunner pid=703290)[0m                                                                      'data_parallel_size': 1,
[36m(DAPOTaskRunner pid=703290)[0m                                                                      'disable_log_stats': True,
[36m(DAPOTaskRunner pid=703290)[0m                                                                      'dtype': 'bfloat16',
[36m(DAPOTaskRunner pid=703290)[0m                                                                      'enable_chunked_prefill': True,
[36m(DAPOTaskRunner pid=703290)[0m                                                                      'enable_prefix_caching': True,
[36m(DAPOTaskRunner pid=703290)[0m                                                                      'enforce_eager': True,
[36m(DAPOTaskRunner pid=703290)[0m                                                                      'engine_kwargs': {},
[36m(DAPOTaskRunner pid=703290)[0m                                                                      'expert_parallel_size': 1,
[36m(DAPOTaskRunner pid=703290)[0m                                                                      'free_cache_engine': True,
[36m(DAPOTaskRunner pid=703290)[0m                                                                      'gpu_memory_utilization': 0.5,
[36m(DAPOTaskRunner pid=703290)[0m                                                                      'limit_images': None,
[36m(DAPOTaskRunner pid=703290)[0m                                                                      'load_format': 'auto',
[36m(DAPOTaskRunner pid=703290)[0m                                                                      'max_model_len': None,
[36m(DAPOTaskRunner pid=703290)[0m                                                                      'max_num_batched_tokens': 8192,
[36m(DAPOTaskRunner pid=703290)[0m                                                                      'max_num_seqs': 1024,
[36m(DAPOTaskRunner pid=703290)[0m                                                                      'name': 'vllm',
[36m(DAPOTaskRunner pid=703290)[0m                                                                      'prompt_length': 2048,
[36m(DAPOTaskRunner pid=703290)[0m                                                                      'response_length': 30720,
[36m(DAPOTaskRunner pid=703290)[0m                                                                      'skip_tokenizer_init': True,
[36m(DAPOTaskRunner pid=703290)[0m                                                                      'temperature': 1.0,
[36m(DAPOTaskRunner pid=703290)[0m                                                                      'tensor_model_parallel_size': 2},
[36m(DAPOTaskRunner pid=703290)[0m                                                        'key': None,
[36m(DAPOTaskRunner pid=703290)[0m                                                        'model_path': None,
[36m(DAPOTaskRunner pid=703290)[0m                                                        'num_replicas': 0}}},
[36m(DAPOTaskRunner pid=703290)[0m  'global_profiler': {'_target_': 'verl.utils.profiler.ProfilerConfig',
[36m(DAPOTaskRunner pid=703290)[0m                      'finish_hook_all_ranks': False,
[36m(DAPOTaskRunner pid=703290)[0m                      'finish_hook_cmd': None,
[36m(DAPOTaskRunner pid=703290)[0m                      'finish_hook_ranks': [],
[36m(DAPOTaskRunner pid=703290)[0m                      'global_tool_config': {'nsys': {'_target_': 'verl.utils.profiler.config.NsightToolConfig',
[36m(DAPOTaskRunner pid=703290)[0m                                                      'controller_nsight_options': {'cuda-graph-trace': 'graph',
[36m(DAPOTaskRunner pid=703290)[0m                                                                                    'cuda-memory-usage': 'true',
[36m(DAPOTaskRunner pid=703290)[0m                                                                                    'trace': 'cuda,nvtx,cublas,ucx'},
[36m(DAPOTaskRunner pid=703290)[0m                                                      'discrete': False,
[36m(DAPOTaskRunner pid=703290)[0m                                                      'worker_nsight_options': {'capture-range': 'cudaProfilerApi',
[36m(DAPOTaskRunner pid=703290)[0m                                                                                'capture-range-end': None,
[36m(DAPOTaskRunner pid=703290)[0m                                                                                'cuda-graph-trace': 'graph',
[36m(DAPOTaskRunner pid=703290)[0m                                                                                'cuda-memory-usage': 'true',
[36m(DAPOTaskRunner pid=703290)[0m                                                                                'kill': 'none',
[36m(DAPOTaskRunner pid=703290)[0m                                                                                'trace': 'cuda,nvtx,cublas,ucx'}},
[36m(DAPOTaskRunner pid=703290)[0m                                             'precision_debugger': {'_target_': 'verl.utils.profiler.config.PrecisionDebuggerToolConfig',
[36m(DAPOTaskRunner pid=703290)[0m                                                                    'config_path': None,
[36m(DAPOTaskRunner pid=703290)[0m                                                                    'stages': None,
[36m(DAPOTaskRunner pid=703290)[0m                                                                    'steps': None,
[36m(DAPOTaskRunner pid=703290)[0m                                                                    'strict': False},
[36m(DAPOTaskRunner pid=703290)[0m                                             'torch_memory': {'context': 'all',
[36m(DAPOTaskRunner pid=703290)[0m                                                              'kw_args': {},
[36m(DAPOTaskRunner pid=703290)[0m                                                              'stack_depth': 32,
[36m(DAPOTaskRunner pid=703290)[0m                                                              'stacks': 'all',
[36m(DAPOTaskRunner pid=703290)[0m                                                              'trace_alloc_max_entries': 100000}},
[36m(DAPOTaskRunner pid=703290)[0m                      'profile_continuous_steps': False,
[36m(DAPOTaskRunner pid=703290)[0m                      'relocate_results': False,
[36m(DAPOTaskRunner pid=703290)[0m                      'save_path': 'outputs/profile',
[36m(DAPOTaskRunner pid=703290)[0m                      'steps': None,
[36m(DAPOTaskRunner pid=703290)[0m                      'tool': None},
[36m(DAPOTaskRunner pid=703290)[0m  'model_engine': 'dp',
[36m(DAPOTaskRunner pid=703290)[0m  'ray_kwargs': {'ray_init': {'include_dashboard': False,
[36m(DAPOTaskRunner pid=703290)[0m                              'num_cpus': 8,
[36m(DAPOTaskRunner pid=703290)[0m                              'runtime_env': {'env_vars': {'CPT_WORLD_DAPO_SOURCE_PROFILE': 'progress-v1',
[36m(DAPOTaskRunner pid=703290)[0m                                                           'CPT_WORLD_EXPECTED_SOURCE': '/home/chen/projects/self-play-in-the-causal-world-rewardv10-a92ab8e-20260831/src/cpt_world',
[36m(DAPOTaskRunner pid=703290)[0m                                                           'CPT_WORLD_VERL_AUDIT_DIR': '/home/chen/runs/continuous-training-restore-20260908/resume-stream-01/environment',
[36m(DAPOTaskRunner pid=703290)[0m                                                           'PATH': '/home/chen/.venvs/dolens-dapo-official/bin:/usr/local/sbin:/usr/local/bin:/usr/sbin:/usr/bin:/sbin:/bin:/usr/games:/usr/local/games:/snap/bin',
[36m(DAPOTaskRunner pid=703290)[0m                                                           'PYTHONPATH': '/home/chen/projects/self-play-in-the-causal-world-rewardv10-a92ab8e-20260831/src:/home/chen/projects/self-play-in-the-causal-world-rewardv10-a92ab8e-20260831:/home/chen/vendor/dapo-official-20260906/verl-recipe-progress-candidate-v2:/home/chen/vendor/dapo-official-20260906/verl-progress-candidate-v2',
[36m(DAPOTaskRunner pid=703290)[0m                                                           'VERL_RECIPE_ROOT': '/home/chen/vendor/dapo-official-20260906/verl-recipe-progress-candidate-v2',
[36m(DAPOTaskRunner pid=703290)[0m                                                           'VERL_ROOT': '/home/chen/vendor/dapo-official-20260906/verl-progress-candidate-v2'},
[36m(DAPOTaskRunner pid=703290)[0m                                              'py_executable': None}},
[36m(DAPOTaskRunner pid=703290)[0m                 'timeline_json_file': None},
[36m(DAPOTaskRunner pid=703290)[0m  'reward': {'_target_': 'verl.workers.config.RewardConfig',
[36m(DAPOTaskRunner pid=703290)[0m             'custom_reward_function': {'name': 'compute_score',
[36m(DAPOTaskRunner pid=703290)[0m                                        'path': '/home/chen/projects/self-play-in-the-causal-world-rewardv10-a92ab8e-20260831/src/cpt_world/verl_environment.py'},
[36m(DAPOTaskRunner pid=703290)[0m             'num_workers': 1,
[36m(DAPOTaskRunner pid=703290)[0m             'reward_kwargs': {'max_resp_len': 30720,
[36m(DAPOTaskRunner pid=703290)[0m                               'overlong_buffer_cfg': {'enable': True,
[36m(DAPOTaskRunner pid=703290)[0m                                                       'len': 4096,
[36m(DAPOTaskRunner pid=703290)[0m                                                       'log': True,
[36m(DAPOTaskRunner pid=703290)[0m                                                       'penalty_factor': 1.0}},
[36m(DAPOTaskRunner pid=703290)[0m             'reward_manager': 
[36m(DAPOTaskRunner pid=703290)[0m {'_target_': 'verl.workers.config.reward.RewardManagerConfig',
[36m(DAPOTaskRunner pid=703290)[0m                                'module': {'_target_': 'verl.trainer.config.config.ModuleConfig',
[36m(DAPOTaskRunner pid=703290)[0m                                           'name': 'custom_reward_manager',
[36m(DAPOTaskRunner pid=703290)[0m                                           'path': '/home/chen/projects/self-play-in-the-causal-world-rewardv10-a92ab8e-20260831/src/cpt_world/verl_environment.py'},
[36m(DAPOTaskRunner pid=703290)[0m                                'name': 'CPTWorldRewardMetadata',
[36m(DAPOTaskRunner pid=703290)[0m                                'source': 'importlib'},
[36m(DAPOTaskRunner pid=703290)[0m             'reward_model': {'_target_': 'verl.workers.config.RewardModelConfig',
[36m(DAPOTaskRunner pid=703290)[0m                              'enable': False,
[36m(DAPOTaskRunner pid=703290)[0m                              'enable_resource_pool': False,
[36m(DAPOTaskRunner pid=703290)[0m                              'model_path': None,
[36m(DAPOTaskRunner pid=703290)[0m                              'n_gpus_per_node': 8,
[36m(DAPOTaskRunner pid=703290)[0m                              'nnodes': 0,
[36m(DAPOTaskRunner pid=703290)[0m                              'rollout': {'_target_': 'verl.workers.config.RolloutConfig',
[36m(DAPOTaskRunner pid=703290)[0m                                          'cudagraph_capture_sizes': None,
[36m(DAPOTaskRunner pid=703290)[0m                                          'data_parallel_size': 1,
[36m(DAPOTaskRunner pid=703290)[0m                                          'disable_log_stats': True,
[36m(DAPOTaskRunner pid=703290)[0m                                          'disaggregation': {'bootstrap_port': None,
[36m(DAPOTaskRunner pid=703290)[0m                                                             'decode_replicas': 1,
[36m(DAPOTaskRunner pid=703290)[0m                                                             'decode_tensor_model_parallel_size': None,
[36m(DAPOTaskRunner pid=703290)[0m                                                             'enabled': False,
[36m(DAPOTaskRunner pid=703290)[0m                                                             'ib_device': None,
[36m(DAPOTaskRunner pid=703290)[0m                                                             'prefill_replicas': 1,
[36m(DAPOTaskRunner pid=703290)[0m                                                             'transfer_backend': 'nixl'},
[36m(DAPOTaskRunner pid=703290)[0m                                          'do_sample': True,
[36m(DAPOTaskRunner pid=703290)[0m                                          'dtype': 'bfloat16',
[36m(DAPOTaskRunner pid=703290)[0m                                          'enable_chunked_prefill': True,
[36m(DAPOTaskRunner pid=703290)[0m                                          'enable_prefix_caching': True,
[36m(DAPOTaskRunner pid=703290)[0m                                          'enforce_eager': True,
[36m(DAPOTaskRunner pid=703290)[0m                                          'engine_kwargs': {},
[36m(DAPOTaskRunner pid=703290)[0m                                          'expert_parallel_size': 1,
[36m(DAPOTaskRunner pid=703290)[0m                                          'free_cache_engine': True,
[36m(DAPOTaskRunner pid=703290)[0m                                          'full_determinism': False,
[36m(DAPOTaskRunner pid=703290)[0m                                          'gpu_memory_utilization': 0.5,
[36m(DAPOTaskRunner pid=703290)[0m                                          'ignore_eos': False,
[36m(DAPOTaskRunner pid=703290)[0m                                          'layered_summon': False,
[36m(DAPOTaskRunner pid=703290)[0m                                          'limit_images': None,
[36m(DAPOTaskRunner pid=703290)[0m                                          'load_format': 'auto',
[36m(DAPOTaskRunner pid=703290)[0m                                          'max_model_len': None,
[36m(DAPOTaskRunner pid=703290)[0m                                          'max_num_batched_tokens': 8192,
[36m(DAPOTaskRunner pid=703290)[0m                                          'max_num_seqs': 1024,
[36m(DAPOTaskRunner pid=703290)[0m                                          'mtp': None,
[36m(DAPOTaskRunner pid=703290)[0m                                          'multi_stage_wake_up': False,
[36m(DAPOTaskRunner pid=703290)[0m                                          'n': 1,
[36m(DAPOTaskRunner pid=703290)[0m                                          'name': '???',
[36m(DAPOTaskRunner pid=703290)[0m                                          'pipeline_model_parallel_size': 1,
[36m(DAPOTaskRunner pid=703290)[0m                                          'prompt_length': 2048,
[36m(DAPOTaskRunner pid=703290)[0m                                          'quantization': None,
[36m(DAPOTaskRunner pid=703290)[0m                                          'quantization_config_file': None,
[36m(DAPOTaskRunner pid=703290)[0m                                          'response_length': 2048,
[36m(DAPOTaskRunner pid=703290)[0m                                          'scheduling_policy': 'fcfs',
[36m(DAPOTaskRunner pid=703290)[0m                                          'seed': 42,
[36m(DAPOTaskRunner pid=703290)[0m                                          'skip_tokenizer_init': False,
[36m(DAPOTaskRunner pid=703290)[0m                                          'temperature': 1.0,
[36m(DAPOTaskRunner pid=703290)[0m                                          'tensor_model_parallel_size': 2,
[36m(DAPOTaskRunner pid=703290)[0m                                          'top_k': -1,
[36m(DAPOTaskRunner pid=703290)[0m                                          'top_p': 1}},
[36m(DAPOTaskRunner pid=703290)[0m             'sandbox_fusion': {'_target_': 'verl.workers.config.SandboxFusionConfig',
[36m(DAPOTaskRunner pid=703290)[0m                                'max_concurrent': 64,
[36m(DAPOTaskRunner pid=703290)[0m                                'memory_limit_mb': 1024,
[36m(DAPOTaskRunner pid=703290)[0m                                'url': None}},
[36m(DAPOTaskRunner pid=703290)[0m  'skip': {'_target_': 'verl.utils.skip.SkipManagerConfig',
[36m(DAPOTaskRunner pid=703290)[0m           'async_rollout': {'action': 'cache',
[36m(DAPOTaskRunner pid=703290)[0m                             'dump_dir': '~/.verl/rollout_dump',
[36m(DAPOTaskRunner pid=703290)[0m                             'enable': False,
[36m(DAPOTaskRunner pid=703290)[0m                             'steps': []},
[36m(DAPOTaskRunner pid=703290)[0m           'rollout': {'action': 'cache',
[36m(DAPOTaskRunner pid=703290)[0m                       'dump_dir': '~/.verl/rollout_dump',
[36m(DAPOTaskRunner pid=703290)[0m                       'enable': False,
[36m(DAPOTaskRunner pid=703290)[0m                       'steps': []},
[36m(DAPOTaskRunner pid=703290)[0m           'rollout_tq': {'action': 'cache',
[36m(DAPOTaskRunner pid=703290)[0m                          'dump_dir': '~/.verl/rollout_dump',
[36m(DAPOTaskRunner pid=703290)[0m                          'enable': False,
[36m(DAPOTaskRunner pid=703290)[0m                          'steps': []}},
[36m(DAPOTaskRunner pid=703290)[0m  'trainer': {'balance_batch': False,
[36m(DAPOTaskRunner pid=703290)[0m              'checkpoint_callback_class': None,
[36m(DAPOTaskRunner pid=703290)[0m              'critic_warmup': 0,
[36m(DAPOTaskRunner pid=703290)[0m              'default_hdfs_dir': None,
[36m(DAPOTaskRunner pid=703290)[0m              'default_local_dir': '/home/chen/runs/continuous-training-restore-20260908/resume-stream-01/checkpoints',
[36m(DAPOTaskRunner pid=703290)[0m              'del_local_ckpt_after_load': False,
[36m(DAPOTaskRunner pid=703290)[0m              'device': 'cuda',
[36m(DAPOTaskRunner pid=703290)[0m              'esi_redundant_time': 0,
[36m(DAPOTaskRunner pid=703290)[0m              'experiment_name': 'verified-resume-progress',
[36m(DAPOTaskRunner pid=703290)[0m              'log_val_generations': 0,
[36m(DAPOTaskRunner pid=703290)[0m              'logger': ['console'],
[36m(DAPOTaskRunner pid=703290)[0m              'max_actor_ckpt_to_keep': 2,
[36m(DAPOTaskRunner pid=703290)[0m              'max_critic_ckpt_to_keep': None,
[36m(DAPOTaskRunner pid=703290)[0m              'n_gpus_per_node': 1,
[36m(DAPOTaskRunner pid=703290)[0m              'nnodes': 1,
[36m(DAPOTaskRunner pid=703290)[0m              'project_name': 'cpt-world-dapo',
[36m(DAPOTaskRunner pid=703290)[0m              'ray_wait_register_center_timeout': 300,
[36m(DAPOTaskRunner pid=703290)[0m              'resume_from_path': '/home/chen/runs/continuous-training-restore-20260908/resume-stream-01/preserved/global_step_77',
[36m(DAPOTaskRunner pid=703290)[0m              'resume_mode': 'resume_path',
[36m(DAPOTaskRunner pid=703290)[0m              'rollout_data_dir': '/home/chen/runs/continuous-training-restore-20260908/resume-stream-01/rollouts',
[36m(DAPOTaskRunner pid=703290)[0m              'save_freq': 1,
[36m(DAPOTaskRunner pid=703290)[0m              'test_freq': -1,
[36m(DAPOTaskRunner pid=703290)[0m              'total_epochs': 20,
[36m(DAPOTaskRunner pid=703290)[0m              'total_training_steps': 500,
[36m(DAPOTaskRunner pid=703290)[0m              'use_v1': False,
[36m(DAPOTaskRunner pid=703290)[0m              'v1': {'colocate_async': {'num_warmup_batches': 1},
[36m(DAPOTaskRunner pid=703290)[0m                     'sampler': {'custom_sampler': {'name': None, 'path': None},
[36m(DAPOTaskRunner pid=703290)[0m                                 'max_off_policy_strategy': 'drop',
[36m(DAPOTaskRunner pid=703290)[0m                                 'max_off_policy_threshold': 8,
[36m(DAPOTaskRunner pid=703290)[0m                                 'sampler_kwargs': {},
[36m(DAPOTaskRunner pid=703290)[0m                                 'sync_refill_failed_groups': False},
[36m(DAPOTaskRunner pid=703290)[0m                     'separate_async': {'hybrid_rollout': {'_target_': 'verl.trainer.config.HybridRolloutSwitchConfig',
[36m(DAPOTaskRunner pid=703290)[0m                                                           'adaptive_switch_threshold': True,
[36m(DAPOTaskRunner pid=703290)[0m                                                           'enable_switch': False,
[36m(DAPOTaskRunner pid=703290)[0m                                                           'switch_cost_window_size': 3,
[36m(DAPOTaskRunner pid=703290)[0m                                                           'switch_threshold_ratio': 0.4,
[36m(DAPOTaskRunner pid=703290)[0m                                                           'switch_threshold_release_steps': 2,
[36m(DAPOTaskRunner pid=703290)[0m                                                           'switch_threshold_step_down': 0.03,
[36m(DAPOTaskRunner pid=703290)[0m                                                           'switch_threshold_step_up': 0.05},
[36m(DAPOTaskRunner pid=703290)[0m                                        'num_warmup_batches': 1,[36m(DAPOTaskRunner pid=703290)[0m /home/chen/vendor/dapo-official-20260906/verl-recipe-progress-candidate-v2/dapo/main_dapo.py:60: UserWarning: Disabled critic as algorithm.adv_estimator != gae. If it is not intended, please set critic.enable=True
[36m(DAPOTaskRunner pid=703290)[0m   use_critic=need_critic(config),
[36m(DAPOTaskRunner pid=703290)[0m [transformers] The `use_fast` parameter is deprecated and will be removed in a future version. Use `backend="torchvision"` instead of `use_fast=True`, or `backend="pil"` instead of `use_fast=False`.
[36m(DAPOTaskRunner pid=703290)[0m /home/chen/vendor/dapo-official-20260906/verl-recipe-progress-candidate-v2/dapo/main_dapo.py:98: FutureWarning: Warning: Class 'verl.trainer.ppo.ray_trainer.RayPPOTrainer' is deprecated. Please use 'Legacy trainer is deprecated, and wil be removed in v0.9.0. Please use `trainer.use_v1=True` instead.' instead.
[36m(DAPOTaskRunner pid=703290)[0m   trainer = RayDAPOTrainer(
[36m(DAPOTaskRunner pid=703290)[0m /home/chen/vendor/dapo-official-20260906/verl-progress-candidate-v2/verl/trainer/ppo/ray_trainer.py:348: UserWarning: Disabled critic as algorithm.adv_estimator != gae. If it is not intended, please set critic.enable=True
[36m(DAPOTaskRunner pid=703290)[0m   self.use_critic = need_critic(self.config)
[36m(WorkerDict pid=703541)[0m /home/chen/vendor/dapo-official-20260906/verl-progress-candidate-v2/verl/workers/engine/__init__.py:32: UserWarning: torchtitan engine is not available: ModuleNotFoundError("No module named 'torchtitan'")
[36m(WorkerDict pid=703541)[0m   warnings.warn(f"torchtitan engine is not available: {e!r}", stacklevel=1)
[36m(WorkerDict pid=703541)[0m /home/chen/vendor/dapo-official-20260906/verl-progress-candidate-v2/verl/workers/engine/__init__.py:41: UserWarning: veomni engine is not available: ModuleNotFoundError("No module named 'veomni'")
[36m(WorkerDict pid=703541)[0m   warnings.warn(f"veomni engine is not available: {e!r}", stacklevel=1)
[36m(WorkerDict pid=703541)[0m /home/chen/vendor/dapo-official-20260906/verl-progress-candidate-v2/verl/workers/engine/__init__.py:50: UserWarning: automodel engine is not available: ModuleNotFoundError("No module named 'nemo_automodel'")
[36m(WorkerDict pid=703541)[0m   warnings.warn(f"automodel engine is not available: {e!r}", stacklevel=1)
[36m(WorkerDict pid=703541)[0m /home/chen/vendor/dapo-official-20260906/verl-progress-candidate-v2/verl/workers/engine/__init__.py:60: UserWarning: mindspeed engine is not available: ModuleNotFoundError("No module named 'megatron'")
[36m(WorkerDict pid=703541)[0m   warnings.warn(f"mindspeed engine is not available: {e!r}", stacklevel=1)
[36m(WorkerDict pid=703541)[0m /home/chen/vendor/dapo-official-20260906/verl-progress-candidate-v2/verl/workers/engine/__init__.py:69: UserWarning: megatron engine is not available: ModuleNotFoundError("No module named 'megatron'")
[36m(WorkerDict pid=703541)[0m   warnings.warn(f"megatron engine is not available: {e!r}", stacklevel=1)
[36m(WorkerDict pid=703541)[0m [transformers] The fast path is not available because one of the required library is not installed. Falling back to torch implementation. To install follow https://github.com/fla-org/flash-linear-attention#installation and https://github.com/Dao-AILab/causal-conv1d
[36m(WorkerDict pid=703541)[0m Loading weights:   0%|          | 0/760 [00:00<?, ?it/s]
[36m(WorkerDict pid=703541)[0m Loading weights:  41%|████      | 309/760 [00:00<00:00, 3086.69it/s]
[36m(WorkerDict pid=703541)[0m Loading weights:  81%|████████▏ | 618/760 [00:00<00:00, 2717.81it/s]
[36m(WorkerDict pid=703541)[0m Loading weights: 100%|██████████| 760/760 [00:00<00:00, 2710.67it/s]
[36m(WorkerDict pid=703541)[0m WARNING:2026-09-08 16:54:28,907:Setting the sleep level to 1 may cause a memory overflow.

[36m(DAPOTaskRunner pid=703290)[0m                                        'parameter_sync_step': 4},
[36m(DAPOTaskRunner pid=703290)[0m                     'sync': {},
[36m(DAPOTaskRunner pid=703290)[0m                     'trainer_mode': 'sync'},
[36m(DAPOTaskRunner pid=703290)[0m              'val_before_train': False,
[36m(DAPOTaskRunner pid=703290)[0m              'val_only': False,
[36m(DAPOTaskRunner pid=703290)[0m              'validation_data_dir': '/home/chen/runs/continuous-training-restore-20260908/resume-stream-01/validation'},
[36m(DAPOTaskRunner pid=703290)[0m  'transfer_queue': {'backend': {'MooncakeStore': 
[36m(DAPOTaskRunner pid=703290)[0m {'auto_init': False,
[36m(DAPOTaskRunner pid=703290)[0m                                                   'device_name': '',
[36m(DAPOTaskRunner pid=703290)[0m                                                   'global_segment_size': 4294967296,
[36m(DAPOTaskRunner pid=703290)[0m                                                   'local_buffer_size': 1073741824,
[36m(DAPOTaskRunner pid=703290)[0m                                                   'local_hostname': 'localhost',
[36m(DAPOTaskRunner pid=703290)[0m                                                   'master_server_address': 'localhost:50124',
[36m(DAPOTaskRunner pid=703290)[0m                                                   'metadata_server': 'localhost:50123',
[36m(DAPOTaskRunner pid=703290)[0m                                                   'protocol': 'tcp'},
[36m(DAPOTaskRunner pid=703290)[0m                                 'SimpleStorage': {'num_data_storage_units': 8,
[36m(DAPOTaskRunner pid=703290)[0m                                                   'total_storage_size': 100000},
[36m(DAPOTaskRunner pid=703290)[0m                                 'storage_backend': 'SimpleStorage'},
[36m(DAPOTaskRunner pid=703290)[0m                     'enable': False,
[36m(DAPOTaskRunner pid=703290)[0m                     'metrics': {'enabled': False, 'port': 0}}}
[36m(DAPOTaskRunner pid=703290)[0m WARNING: val_batch_size is deprecated. Validation datasets are sent to inference engines as a whole batch, which will schedule the memory themselves.
[36m(DAPOTaskRunner pid=703290)[0m [validate_config] All configuration checks passed successfully!
[36m(DAPOTaskRunner pid=703290)[0m Using dataset class: CPTWorldStreamingDataset
[36m(DAPOTaskRunner pid=703290)[0m {
[36m(DAPOTaskRunner pid=703290)[0m   "type": "function",
[36m(DAPOTaskRunner pid=703290)[0m   "function": {
[36m(DAPOTaskRunner pid=703290)[0m     "name": "act",
[36m(DAPOTaskRunner pid=703290)[0m     "description": "Execute one CPT-World experiment or terminal answer.",
[36m(DAPOTaskRunner pid=703290)[0m     "parameters": {
[36m(DAPOTaskRunner pid=703290)[0m       "type": "object",
[36m(DAPOTaskRunner pid=703290)[0m       "properties": {
[36m(DAPOTaskRunner pid=703290)[0m         "command": {
[36m(DAPOTaskRunner pid=703290)[0m           "type": "object",
[36m(DAPOTaskRunner pid=703290)[0m           "description": "The exact command JSON object required by the task protocol."
[36m(DAPOTaskRunner pid=703290)[0m         }
[36m(DAPOTaskRunner pid=703290)[0m       },
[36m(DAPOTaskRunner pid=703290)[0m       "required": [
[36m(DAPOTaskRunner pid=703290)[0m         "command"
[36m(DAPOTaskRunner pid=703290)[0m       ]
[36m(DAPOTaskRunner pid=703290)[0m     }
[36m(DAPOTaskRunner pid=703290)[0m   }
[36m(DAPOTaskRunner pid=703290)[0m }
[36m(DAPOTaskRunner pid=703290)[0m Using dataset class: CPTWorldStreamingDataset
[36m(DAPOTaskRunner pid=703290)[0m {
[36m(DAPOTaskRunner pid=703290)[0m   "type": "function",
[36m(DAPOTaskRunner pid=703290)[0m   "function": {
[36m(DAPOTaskRunner pid=703290)[0m     "name": "act",
[36m(DAPOTaskRunner pid=703290)[0m     "description": "Execute one CPT-World experiment or terminal answer.",
[36m(DAPOTaskRunner pid=703290)[0m     "parameters": {
[36m(DAPOTaskRunner pid=703290)[0m       "type": "object",
[36m(DAPOTaskRunner pid=703290)[0m       "properties": {
[36m(DAPOTaskRunner pid=703290)[0m         "command": {
[36m(DAPOTaskRunner pid=703290)[0m           "type": "object",
[36m(DAPOTaskRunner pid=703290)[0m           "description": "The exact command JSON object required by the task protocol."
[36m(DAPOTaskRunner pid=703290)[0m         }
[36m(DAPOTaskRunner pid=703290)[0m       },
[36m(DAPOTaskRunner pid=703290)[0m       "required": [
[36m(DAPOTaskRunner pid=703290)[0m         "command"
[36m(DAPOTaskRunner pid=703290)[0m       ]
[36m(DAPOTaskRunner pid=703290)[0m     }
[36m(DAPOTaskRunner pid=703290)[0m   }
[36m(DAPOTaskRunner pid=703290)[0m }
[36m(DAPOTaskRunner pid=703290)[0m dataset len: 25
[36m(DAPOTaskRunner pid=703290)[0m Size of train dataloader: 9223372036854775807, Size of val dataloader: 5
[36m(DAPOTaskRunner pid=703290)[0m Total training steps: 500
[36m(DAPOTaskRunner pid=703290)[0m colocated worker base class <class 'verl.single_controller.base.worker.Worker'>
[36m(WorkerDict pid=703541)[0m Warning: Failed to set NUMA affinity: libnuma.so: cannot open shared object file: No such file or directory
[36m(WorkerDict pid=703541)[0m Monkey patch Qwen3_5ForConditionalGeneration model forward
[36m(WorkerDict pid=703541)[0m Using Torch backend for fused kernels in Qwen3_5ForConditionalGeneration
[36m(WorkerDict pid=703541)[0m PeftModelForCausalLM contains 9.43B parameters
[36m(WorkerDict pid=703541)[0m Before FSDP, memory allocated (GB): 0.00, memory reserved (GB): 0.00, device memory used/total (GB): 0.66/47.37
[36m(WorkerDict pid=703541)[0m After FSDP, memory allocated (GB): 17.58, memory reserved (GB): 19.82, device memory used/total (GB): 20.92/47.37
[36m(WorkerDict pid=703541)[0m Total steps: 500, num_warmup_steps: 0
[36m(vLLMHttpServer pid=703879)[0m ['serve',
[36m(vLLMHttpServer pid=703879)[0m  '/home/chen/models/Qwen/Qwen3.5-9B',
[36m(vLLMHttpServer pid=703879)[0m  '--dtype',
[36m(vLLMHttpServer pid=703879)[0m  'bfloat16',
[36m(vLLMHttpServer pid=703879)[0m  '--load_format',
[36m(vLLMHttpServer pid=703879)[0m  'safetensors',
[36m(vLLMHttpServer pid=703879)[0m  '--distributed_executor_backend',
[36m(vLLMHttpServer pid=703879)[0m  'mp',
[36m(vLLMHttpServer pid=703879)[0m  '--worker_extension_cls',
[36m(vLLMHttpServer pid=703879)[0m  'verl.workers.rollout.vllm_rollout.utils.vLLMColocateWorkerExtension',
[36m(vLLMHttpServer pid=703879)[0m  '--max_model_len',
[36m(vLLMHttpServer pid=703879)[0m  '32768',
[36m(vLLMHttpServer pid=703879)[0m  '--max_num_seqs',
[36m(vLLMHttpServer pid=703879)[0m  '4',
[36m(vLLMHttpServer pid=703879)[0m  '--enable_chunked_prefill',
[36m(vLLMHttpServer pid=703879)[0m  '--max_num_batched_tokens',
[36m(vLLMHttpServer pid=703879)[0m  '8192',
[36m(vLLMHttpServer pid=703879)[0m  '--enable_prefix_caching',
[36m(vLLMHttpServer pid=703879)[0m  '--enable_sleep_mode',
[36m(vLLMHttpServer pid=703879)[0m  '--logprobs_mode',
[36m(vLLMHttpServer pid=703879)[0m  'processed_logprobs',
[36m(vLLMHttpServer pid=703879)[0m  '--gpu_memory_utilization',
[36m(vLLMHttpServer pid=703879)[0m  '0.5',
[36m(vLLMHttpServer pid=703879)[0m  '--tensor_parallel_size',
[36m(vLLMHttpServer pid=703879)[0m  '1',
[36m(vLLMHttpServer pid=703879)[0m  '--seed',
[36m(vLLMHttpServer pid=703879)[0m  '42',
[36m(vLLMHttpServer pid=703879)[0m  '--override_generation_config',
[36m(vLLMHttpServer pid=703879)[0m  '{"temperature": 1.0, "top_k": -1, "top_p": 1.0, "repetition_penalty": 1.0, '
[36m(vLLMHttpServer pid=703879)[0m  '"max_new_tokens": 30720}',
[36m(vLLMHttpServer pid=703879)[0m  '--hf_overrides',
[36m(vLLMHttpServer pid=703879)[0m  '{}',
[36m(vLLMHttpServer pid=703879)[0m  '--scheduling_policy',
[36m(vLLMHttpServer pid=703879)[0m  'fcfs',
[36m(vLLMHttpServer pid=703879)[0m  '--compilation_config',
[36m(vLLMHttpServer pid=703879)[0m  '{"cudagraph_mode": "FULL_AND_PIECEWISE", "cudagraph_capture_sizes": [1, 2, '
[36m(vLLMHttpServer pid=703879)[0m  '4]}',
[36m(vLLMHttpServer pid=703879)[0m  '--enable_lora',
[36m(vLLMHttpServer pid=703879)[0m  '--max_loras',[36m(vLLMHttpServer pid=703879)[0m [transformers] The `use_fast` parameter is deprecated and will be removed in a future version. Use `backend="torchvision"` instead of `use_fast=True`, or `backend="pil"` instead of `use_fast=False`.
[36m(vLLMHttpServer pid=703879)[0m (Worker pid=704350) [transformers] The `use_fast` parameter is deprecated and will be removed in a future version. Use `backend="torchvision"` instead of `use_fast=True`, or `backend="pil"` instead of `use_fast=False`.
[36m(vLLMHttpServer pid=703879)[0m (Worker pid=704350) Loading safetensors checkpoint shards:   0% Completed | 0/4 [00:00<?, ?it/s]
[36m(vLLMHttpServer pid=703879)[0m (Worker pid=704350) Loading safetensors checkpoint shards:  25% Completed | 1/4 [00:00<00:02,  1.09it/s]
[36m(vLLMHttpServer pid=703879)[0m (Worker pid=704350) Loading safetensors checkpoint shards:  50% Completed | 2/4 [00:01<00:01,  1.09it/s]
[36m(vLLMHttpServer pid=703879)[0m (Worker pid=704350) Loading safetensors checkpoint shards:  75% Completed | 3/4 [00:02<00:00,  1.07it/s]
[36m(vLLMHttpServer pid=703879)[0m (Worker pid=704350) Loading safetensors checkpoint shards: 100% Completed | 4/4 [00:03<00:00,  1.16it/s]
[36m(vLLMHttpServer pid=703879)[0m (Worker pid=704350) Loading safetensors checkpoint shards: 100% Completed | 4/4 [00:03<00:00,  1.13it/s]
[36m(vLLMHttpServer pid=703879)[0m (Worker pid=704350) 

[36m(vLLMHttpServer pid=703879)[0m  '1',
[36m(vLLMHttpServer pid=703879)[0m  '--max_lora_rank',
[36m(vLLMHttpServer pid=703879)[0m  '8']
[36m(vLLMHttpServer pid=703879)[0m WARNING 09-08 16:54:45 [config.py:422] Mamba cache mode is set to 'align' for Qwen3_5ForConditionalGeneration by default when prefix caching is enabled
[36m(vLLMHttpServer pid=703879)[0m WARNING 09-08 16:55:02 [system_utils.py:157] We must use the `spawn` multiprocessing start method. Overriding VLLM_WORKER_MULTIPROC_METHOD to 'spawn'. See https://docs.vllm.ai/en/latest/usage/troubleshooting.html#python-multiprocessing for more information. Reasons: In a Ray actor and can only be spawned; CUDA is initialized
[36m(vLLMHttpServer pid=703879)[0m (Worker pid=704350) WARNING 09-08 16:55:42 [model_manager.py:401] Regarding Qwen3_5ForConditionalGeneration, no matching PunicaWrapper is found; visual.patch_embed.proj will be ignored.
[36m(vLLMHttpServer pid=703879)[0m (Worker pid=704350) WARNING 09-08 16:55:42 [model_manager.py:401] Regarding Qwen3_5ForConditionalGeneration, no matching PunicaWrapper is found; visual.merger.linear_fc1 will be ignored.
[36m(vLLMHttpServer pid=703879)[0m (Worker pid=704350) WARNING 09-08 16:55:42 [model_manager.py:401] Regarding Qwen3_5ForConditionalGeneration, no matching PunicaWrapper is found; visual.merger.linear_fc2 will be ignored.
[36m(vLLMHttpServer pid=703879)[0m (Worker pid=704350) WARNING 09-08 16:55:42 [model_manager.py:401] Regarding Qwen3_5ForConditionalGeneration, no matching PunicaWrapper is found; visual.blocks.0.attn.qkv will be ignored.
[36m(vLLMHttpServer pid=703879)[0m (Worker pid=704350) WARNING 09-08 16:55:42 [model_manager.py:401] Regarding Qwen3_5ForConditionalGeneration, no matching PunicaWrapper is found; visual.blocks.0.attn.proj will be ignored.
[36m(vLLMHttpServer pid=703879)[0m (Worker pid=704350) WARNING 09-08 16:55:42 [model_manager.py:401] Regarding Qwen3_5ForConditionalGeneration, no matching PunicaWrapper is found; visual.blocks.0.mlp.linear_fc1 will be ignored.
[36m(vLLMHttpServer pid=703879)[0m (Worker pid=704350) WARNING 09-08 16:55:42 [model_manager.py:401] Regarding Qwen3_5ForConditionalGeneration, no matching PunicaWrapper is found; visual.blocks.0.mlp.linear_fc2 will be ignored.
[36m(vLLMHttpServer pid=703879)[0m (Worker pid=704350) WARNING 09-08 16:55:42 [model_manager.py:401] Regarding Qwen3_5ForConditionalGeneration, no matching PunicaWrapper is found; visual.blocks.1.attn.qkv will be ignored.
[36m(vLLMHttpServer pid=703879)[0m (Worker pid=704350) WARNING 09-08 16:55:42 [model_manager.py:401] Regarding Qwen3_5ForConditionalGeneration, no matching PunicaWrapper is found; visual.blocks.1.attn.proj will be ignored.
[36m(vLLMHttpServer pid=703879)[0m (Worker pid=704350) WARNING 09-08 16:55:42 [model_manager.py:401] Regarding Qwen3_5ForConditionalGeneration, no matching PunicaWrapper is found; visual.blocks.1.mlp.linear_fc1 will be ignored.
[36m(vLLMHttpServer pid=703879)[0m (Worker pid=704350) WARNING 09-08 16:55:42 [model_manager.py:401] Regarding Qwen3_5ForConditionalGeneration, no matching PunicaWrapper is found; visual.blocks.1.mlp.linear_fc2 will be ignored.
[36m(vLLMHttpServer pid=703879)[0m (Worker pid=704350) WARNING 09-08 16:55:42 [model_manager.py:401] Regarding Qwen3_5ForConditionalGeneration, no matching PunicaWrapper is found; visual.blocks.2.attn.qkv will be ignored.
[36m(vLLMHttpServer pid=703879)[0m (Worker pid=704350) WARNING 09-08 16:55:42 [model_manager.py:401] Regarding Qwen3_5ForConditionalGeneration, no matching PunicaWrapper is found; visual.blocks.2.attn.proj will be ignored.
[36m(vLLMHttpServer pid=703879)[0m (Worker pid=704350) WARNING 09-08 16:55:42 [model_manager.py:401] Regarding Qwen3_5ForConditionalGeneration, no matching PunicaWrapper is found; visual.blocks.2.mlp.linear_fc1 will be ignored.
[36m(vLLMHttpServer pid=703879)[0m (Worker pid=704350) WARNING 09-08 16:55:42 [model_manager.py:401] Regarding Qwen3_5ForConditionalGeneration, no matching PunicaWrapper is found; visual.blocks.2.mlp.linear_fc2 will be ignored.
[36m(vLLMHttpServer pid=703879)[0m (Worker pid=704350) WARNING 09-08 16:55:42 [model_manager.py:401] Regarding Qwen3_5ForConditionalGeneration, no matching PunicaWrapper is found; visual.blocks.3.attn.qkv will be ignored.
[36m(vLLMHttpServer pid=703879)[0m (Worker pid=704350) WARNING 09-08 16:55:42 [model_manager.py:401] Regarding Qwen3_5ForConditionalGeneration, no matching PunicaWrapper is found; visual.blocks.3.attn.proj will be ignored.
[36m(vLLMHttpServer pid=703879)[0m (Worker pid=704350) WARNING 09-08 16:55:42 [model_manager.py:401] Regarding Qwen3_5ForConditionalGeneration, no matching PunicaWrapper is found; visual.blocks.3.mlp.linear_fc1 will be ignored.
[36m(vLLMHttpServer pid=703879)[0m (Worker pid=704350) WARNING 09-08 16:55:42 [model_manager.py:401] Regarding Qwen3_5ForConditionalGeneration, no matching PunicaWrapper is found; visual.blocks.3.mlp.linear_fc2 will be ignored.
[36m(vLLMHttpServer pid=703879)[0m (Worker pid=704350) WARNING 09-08 16:55:42 [model_manager.py:401] Regarding Qwen3_5ForConditionalGeneration, no matching PunicaWrapper is found; visual.blocks.4.attn.qkv will be ignored.
[36m(vLLMHttpServer pid=703879)[0m (Worker pid=704350) WARNING 09-08 16:55:42 [model_manager.py:401] Regarding Qwen3_5ForConditionalGeneration, no matching PunicaWrapper is found; visual.blocks.4.attn.proj will be ignored.
[36m(vLLMHttpServer pid=703879)[0m (Worker pid=704350) WARNING 09-08 16:55:42 [model_manager.py:401] Regarding Qwen3_5ForConditionalGeneration, no matching PunicaWrapper is found; visual.blocks.4.mlp.linear_fc1 will be ignored.
[36m(vLLMHttpServer pid=703879)[0m (Worker pid=704350) WARNING 09-08 16:55:42 [model_manager.py:401] Regarding Qwen3_5ForConditionalGeneration, no matching PunicaWrapper is found; visual.blocks.4.mlp.linear_fc2 will be ignored.
[36m(vLLMHttpServer pid=703879)[0m (Worker pid=704350) WARNING 09-08 16:55:42 [model_manager.py:401] Regarding Qwen3_5ForConditionalGeneration, no matching PunicaWrapper is found; visual.blocks.5.attn.qkv will be ignored.
[36m(vLLMHttpServer pid=703879)[0m (Worker pid=704350) WARNING 09-08 16:55:42 [model_manager.py:401] Regarding Qwen3_5ForConditionalGeneration, no matching PunicaWrapper is found; visual.blocks.5.attn.proj will be ignored.
[36m(vLLMHttpServer pid=703879)[0m (Worker pid=704350) WARNING 09-08 16:55:42 [model_manager.py:401] Regarding Qwen3_5ForConditionalGeneration, no matching PunicaWrapper is found; visual.blocks.5.mlp.linear_fc1 will be ignored.
[36m(vLLMHttpServer pid=703879)[0m (Worker pid=704350) WARNING 09-08 16:55:42 [model_manager.py:401] Regarding Qwen3_5ForConditionalGeneration, no matching PunicaWrapper is found; visual.blocks.5.mlp.linear_fc2 will be ignored.
[36m(vLLMHttpServer pid=703879)[0m (Worker pid=704350) WARNING 09-08 16:55:42 [model_manager.py:401] Regarding Qwen3_5ForConditionalGeneration, no matching PunicaWrapper is found; visual.blocks.6.attn.qkv will be ignored.
[36m(vLLMHttpServer pid=703879)[0m (Worker pid=704350) WARNING 09-08 16:55:42 [model_manager.py:401] Regarding Qwen3_5ForConditionalGeneration, no matching PunicaWrapper is found; visual.blocks.6.attn.proj will be ignored.
[36m(vLLMHttpServer pid=703879)[0m (Worker pid=704350) WARNING 09-08 16:55:42 [model_manager.py:401] Regarding Qwen3_5ForConditionalGeneration, no matching PunicaWrapper is found; visual.blocks.6.mlp.linear_fc1 will be ignored.
[36m(vLLMHttpServer pid=703879)[0m (Worker pid=704350) WARNING 09-08 16:55:42 [model_manager.py:401] Regarding Qwen3_5ForConditionalGeneration, no matching PunicaWrapper is found; visual.blocks.6.mlp.linear_fc2 will be ignored.
[36m(vLLMHttpServer pid=703879)[0m (Worker pid=704350) WARNING 09-08 16:55:42 [model_manager.py:401] Regarding Qwen3_5ForConditionalGeneration, no matching PunicaWrapper is found; visual.blocks.7.attn.qkv will be ignored.
[36m(vLLMHttpServer pid=703879)[0m (Worker pid=704350) WARNING 09-08 16:55:42 [model_manager.py:401] Regarding Qwen3_5ForConditionalGeneration, no matching PunicaWrapper is found; visual.blocks.7.attn.proj will be ignored.
[36m(vLLMHttpServer pid=703879)[0m (Worker pid=704350) WARNING 09-08 16:55:42 [model_manager.py:401] Regarding Qwen3_5ForConditionalGeneration, no matching PunicaWrapper is found; visual.blocks.7.mlp.linear_fc1 will be ignored.
[36m(vLLMHttpServer pid=703879)[0m (Worker pid=704350) WARNING 09-08 16:55:42 [model_manager.py:401] Regarding Qwen3_5ForConditionalGeneration, no matching PunicaWrapper is found; visual.blocks.7.mlp.linear_fc2 will be ignored.
[36m(vLLMHttpServer pid=703879)[0m (Worker pid=704350) WARNING 09-08 16:55:42 [model_manager.py:401] Regarding Qwen3_5ForConditionalGeneration, no matching PunicaWrapper is found; visual.blocks.8.attn.qkv will be ignored.
[36m(vLLMHttpServer pid=703879)[0m (Worker pid=704350) WARNING 09-08 16:55:42 [model_manager.py:401] Regarding Qwen3_5ForConditionalGeneration, no matching PunicaWrapper is found; visual.blocks.8.attn.proj will be ignored.
[36m(vLLMHttpServer pid=703879)[0m (Worker pid=704350) WARNING 09-08 16:55:42 [model_manager.py:401] Regarding Qwen3_5ForConditionalGeneration, no matching PunicaWrapper is found; visual.blocks.8.mlp.linear_fc1 will be ignored.
[36m(vLLMHttpServer pid=703879)[0m (Worker pid=704350) WARNING 09-08 16:55:42 [model_manager.py:401] Regarding Qwen3_5ForConditionalGeneration, no matching PunicaWrapper is found; visual.blocks.8.mlp.linear_fc2 will be ignored.
[36m(vLLMHttpServer pid=703879)[0m (Worker pid=704350) WARNING 09-08 16:55:42 [model_manager.py:401] Regarding Qwen3_5ForConditionalGeneration, no matching PunicaWrapper is found; visual.blocks.9.attn.qkv will be ignored.
[36m(vLLMHttpServer pid=703879)[0m (Worker pid=704350) WARNING 09-08 16:55:42 [model_manager.py:401] Regarding Qwen3_5ForConditionalGeneration, no matching PunicaWrapper is found; visual.blocks.9.attn.proj will be ignored.
[36m(vLLMHttpServer pid=703879)[0m (Worker pid=704350) WARNING 09-08 16:55:42 [model_manager.py:401] Regarding Qwen3_5ForConditionalGeneration, no matching PunicaWrapper is found; visual.blocks.9.mlp.linear_fc1 will be ignored.
[36m(vLLMHttpServer pid=703879)[0m (Worker pid=704350) WARNING 09-08 16:55:42 [model_manager.py:401] Regarding Qwen3_5ForConditionalGeneration, no matching PunicaWrapper is found; visual.blocks.9.mlp.linear_fc2 will be ignored.
[36m(vLLMHttpServer pid=703879)[0m (Worker pid=704350) WARNING 09-08 16:55:42 [model_manager.py:401] Regarding Qwen3_5ForConditionalGeneration, no matching PunicaWrapper is found; visual.blocks.10.attn.qkv will be ignored.
[36m(vLLMHttpServer pid=703879)[0m (Worker pid=704350) WARNING 09-08 16:55:42 [model_manager.py:401] Regarding Qwen3_5ForConditionalGeneration, no matching PunicaWrapper is found; visual.blocks.10.attn.proj will be ignored.
[36m(vLLMHttpServer pid=703879)[0m (Worker pid=704350) WARNING 09-08 16:55:42 [model_manager.py:401] Regarding Qwen3_5ForConditionalGeneration, no matching PunicaWrapper is found; visual.blocks.10.mlp.linear_fc1 will be ignored.
[36m(vLLMHttpServer pid=703879)[0m (Worker pid=704350) WARNING 09-08 16:55:42 [model_manager.py:401] Regarding Qwen3_5ForConditionalGeneration, no matching PunicaWrapper is found; visual.blocks.10.mlp.linear_fc2 will be ignored.
[36m(vLLMHttpServer pid=703879)[0m (Worker pid=704350) WARNING 09-08 16:55:42 [model_manager.py:401] Regarding Qwen3_5ForConditionalGeneration, no matching PunicaWrapper is found; visual.blocks.11.attn.qkv will be ignored.
[36m(vLLMHttpServer pid=703879)[0m (Worker pid=704350) WARNING 09-08 16:55:42 [model_manager.py:401] Regarding Qwen3_5ForConditionalGeneration, no matching PunicaWrapper is found; visual.blocks.11.attn.proj will be ignored.
[36m(vLLMHttpServer pid=703879)[0m (Worker pid=704350) WARNING 09-08 16:55:42 [model_manager.py:401] Regarding Qwen3_5ForConditionalGeneration, no matching PunicaWrapper is found; visual.blocks.11.mlp.linear_fc1 will be ignored.
[36m(vLLMHttpServer pid=703879)[0m (Worker pid=704350) WARNING 09-08 16:55:42 [model_manager.py:401] Regarding Qwen3_5ForConditionalGeneration, no matching PunicaWrapper is found; visual.blocks.11.mlp.linear_fc2 will be ignored.
[36m(vLLMHttpServer pid=703879)[0m (Worker pid=704350) WARNING 09-08 16:55:42 [model_manager.py:401] Regarding Qwen3_5ForConditionalGeneration, no matching PunicaWrapper is found; visual.blocks.12.attn.qkv will be ignored.
[36m(vLLMHttpServer pid=703879)[0m (Worker pid=704350) WARNING 09-08 16:55:42 [model_manager.py:401] Regarding Qwen3_5ForConditionalGeneration, no matching PunicaWrapper is found; visual.blocks.12.attn.proj will be ignored.
[36m(vLLMHttpServer pid=703879)[0m (Worker pid=704350) WARNING 09-08 16:55:42 [model_manager.py:401] Regarding Qwen3_5ForConditionalGeneration, no matching PunicaWrapper is found; visual.blocks.12.mlp.linear_fc1 will be ignored.
[36m(vLLMHttpServer pid=703879)[0m (Worker pid=704350) WARNING 09-08 16:55:42 [model_manager.py:401] Regarding Qwen3_5ForConditionalGeneration, no matching PunicaWrapper is found; visual.blocks.12.mlp.linear_fc2 will be ignored.
[36m(vLLMHttpServer pid=703879)[0m (Worker pid=704350) WARNING 09-08 16:55:42 [model_manager.py:401] Regarding Qwen3_5ForConditionalGeneration, no matching PunicaWrapper is found; visual.blocks.13.attn.qkv will be ignored.
[36m(vLLMHttpServer pid=703879)[0m (Worker pid=704350) WARNING 09-08 16:55:42 [model_manager.py:401] Regarding Qwen3_5ForConditionalGeneration, no matching PunicaWrapper is found; visual.blocks.13.attn.proj will be ignored.
[36m(vLLMHttpServer pid=703879)[0m (Worker pid=704350) WARNING 09-08 16:55:42 [model_manager.py:401] Regarding Qwen3_5ForConditionalGeneration, no matching PunicaWrapper is found; visual.blocks.13.mlp.linear_fc1 will be ignored.
[36m(vLLMHttpServer pid=703879)[0m (Worker pid=704350) WARNING 09-08 16:55:42 [model_manager.py:401] Regarding Qwen3_5ForConditionalGeneration, no matching PunicaWrapper is found; visual.blocks.13.mlp.linear_fc2 will be ignored.
[36m(vLLMHttpServer pid=703879)[0m (Worker pid=704350) WARNING 09-08 16:55:42 [model_manager.py:401] Regarding Qwen3_5ForConditionalGeneration, no matching PunicaWrapper is found; visual.blocks.14.attn.qkv will be ignored.
[36m(vLLMHttpServer pid=703879)[0m (Worker pid=704350) WARNING 09-08 16:55:42 [model_manager.py:401] Regarding Qwen3_5ForConditionalGeneration, no matching PunicaWrapper is found; visual.blocks.14.attn.proj will be ignored.
[36m(vLLMHttpServer pid=703879)[0m (Worker pid=704350) WARNING 09-08 16:55:42 [model_manager.py:401] Regarding Qwen3_5ForConditionalGeneration, no matching PunicaWrapper is found; visual.blocks.14.mlp.linear_fc1 will be ignored.
[36m(vLLMHttpServer pid=703879)[0m (Worker pid=704350) WARNING 09-08 16:55:42 [model_manager.py:401] Regarding Qwen3_5ForConditionalGeneration, no matching PunicaWrapper is found; visual.blocks.14.mlp.linear_fc2 will be ignored.
[36m(vLLMHttpServer pid=703879)[0m (Worker pid=704350) WARNING 09-08 16:55:42 [model_manager.py:401] Regarding Qwen3_5ForConditionalGeneration, no matching PunicaWrapper is found; visual.blocks.15.attn.qkv will be ignored.
[36m(vLLMHttpServer pid=703879)[0m (Worker pid=704350) WARNING 09-08 16:55:42 [model_manager.py:401] Regarding Qwen3_5ForConditionalGeneration, no matching PunicaWrapper is found; visual.blocks.15.attn.proj will be ignored.
[36m(vLLMHttpServer pid=703879)[0m (Worker pid=704350) WARNING 09-08 16:55:42 [model_manager.py:401] Regarding Qwen3_5ForConditionalGeneration, no matching PunicaWrapper is found; visual.blocks.15.mlp.linear_fc1 will be ignored.
[36m(vLLMHttpServer pid=703879)[0m (Worker pid=704350) WARNING 09-08 16:55:42 [model_manager.py:401] Regarding Qwen3_5ForConditionalGeneration, no matching PunicaWrapper is found; visual.blocks.15.mlp.linear_fc2 will be ignored.
[36m(vLLMHttpServer pid=703879)[0m (Worker pid=704350) WARNING 09-08 16:55:42 [model_manager.py:401] Regarding Qwen3_5ForConditionalGeneration, no matching PunicaWrapper is found; visual.blocks.16.attn.qkv will be ignored.
[36m(vLLMHttpServer pid=703879)[0m (Worker pid=704350) WARNING 09-08 16:55:42 [model_manager.py:401] Regarding Qwen3_5ForConditionalGeneration, no matching PunicaWrapper is found; visual.blocks.16.attn.proj will be ignored.
[36m(vLLMHttpServer pid=703879)[0m (Worker pid=704350) WARNING 09-08 16:55:42 [model_manager.py:401] Regarding Qwen3_5ForConditionalGeneration, no matching PunicaWrapper is found; visual.blocks.16.mlp.linear_fc1 will be ignored.
[36m(vLLMHttpServer pid=703879)[0m (Worker pid=704350) WARNING 09-08 16:55:42 [model_manager.py:401] Regarding Qwen3_5ForConditionalGeneration, no matching PunicaWrapper is found; visual.blocks.16.mlp.linear_fc2 will be ignored.
[36m(vLLMHttpServer pid=703879)[0m (Worker pid=704350) WARNING 09-08 16:55:42 [model_manager.py:401] Regarding Qwen3_5ForConditionalGeneration, no matching PunicaWrapper is found; visual.blocks.17.attn.qkv will be ignored.
[36m(vLLMHttpServer pid=703879)[0m (Worker pid=704350) WARNING 09-08 16:55:42 [model_manager.py:401] Regarding Qwen3_5ForConditionalGeneration, no matching PunicaWrapper is found; visual.blocks.17.attn.proj will be ignored.
[36m(vLLMHttpServer pid=703879)[0m (Worker pid=704350) WARNING 09-08 16:55:42 [model_manager.py:401] Regarding Qwen3_5ForConditionalGeneration, no matching PunicaWrapper is found; visual.blocks.17.mlp.linear_fc1 will be ignored.
[36m(vLLMHttpServer pid=703879)[0m (Worker pid=704350) WARNING 09-08 16:55:42 [model_manager.py:401] Regarding Qwen3_5ForConditionalGeneration, no matching PunicaWrapper is found; visual.blocks.17.mlp.linear_fc2 will be ignored.
[36m(vLLMHttpServer pid=703879)[0m (Worker pid=704350) WARNING 09-08 16:55:42 [model_manager.py:401] Regarding Qwen3_5ForConditionalGeneration, no matching PunicaWrapper is found; visual.blocks.18.attn.qkv will be ignored.
[36m(vLLMHttpServer pid=703879)[0m (Worker pid=704350) WARNING 09-08 16:55:42 [model_manager.py:401] Regarding Qwen3_5ForConditionalGeneration, no matching PunicaWrapper is found; visual.blocks.18.attn.proj will be ignored.
[36m(vLLMHttpServer pid=703879)[0m (Worker pid=704350) WARNING 09-08 16:55:42 [model_manager.py:401] Regarding Qwen3_5ForConditionalGeneration, no matching PunicaWrapper is found; visual.blocks.18.mlp.linear_fc1 will be ignored.
[36m(vLLMHttpServer pid=703879)[0m (Worker pid=704350) WARNING 09-08 16:55:42 [model_manager.py:401] Regarding Qwen3_5ForConditionalGeneration, no matching PunicaWrapper is found; visual.blocks.18.mlp.linear_fc2 will be ignored.
[36m(vLLMHttpServer pid=703879)[0m (Worker pid=704350) WARNING 09-08 16:55:42 [model_manager.py:401] Regarding Qwen3_5ForConditionalGeneration, no matching PunicaWrapper is found; visual.blocks.19.attn.qkv will be ignored.
[36m(vLLMHttpServer pid=703879)[0m (Worker pid=704350) WARNING 09-08 16:55:42 [model_manager.py:401] Regarding Qwen3_5ForConditionalGeneration, no matching PunicaWrapper is found; visual.blocks.19.attn.proj will be ignored.
[36m(vLLMHttpServer pid=703879)[0m (Worker pid=704350) WARNING 09-08 16:55:42 [model_manager.py:401] Regarding Qwen3_5ForConditionalGeneration, no matching PunicaWrapper is found; visual.blocks.19.mlp.linear_fc1 will be ignored.
[36m(vLLMHttpServer pid=703879)[0m (Worker pid=704350) WARNING 09-08 16:55:42 [model_manager.py:401] Regarding Qwen3_5ForConditionalGeneration, no matching PunicaWrapper is found; visual.blocks.19.mlp.linear_fc2 will be ignored.
[36m(vLLMHttpServer pid=703879)[0m (Worker pid=704350) WARNING 09-08 16:55:42 [model_manager.py:401] Regarding Qwen3_5ForConditionalGeneration, no matching PunicaWrapper is found; visual.blocks.20.attn.qkv will be ignored.
[36m(vLLMHttpServer pid=703879)[0m (Worker pid=704350) WARNING 09-08 16:55:42 [model_manager.py:401] Regarding Qwen3_5ForConditionalGeneration, no matching PunicaWrapper is found; visual.blocks.20.attn.proj will be ignored.
[36m(vLLMHttpServer pid=703879)[0m (Worker pid=704350) WARNING 09-08 16:55:42 [model_manager.py:401] Regarding Qwen3_5ForConditionalGeneration, no matching PunicaWrapper is found; visual.blocks.20.mlp.linear_fc1 will be ignored.
[36m(vLLMHttpServer pid=703879)[0m (Worker pid=704350) WARNING 09-08 16:55:42 [model_manager.py:401] Regarding Qwen3_5ForConditionalGeneration, no matching PunicaWrapper is found; visual.blocks.20.mlp.linear_fc2 will be ignored.
[36m(vLLMHttpServer pid=703879)[0m (Worker pid=704350) WARNING 09-08 16:55:42 [model_manager.py:401] Regarding Qwen3_5ForConditionalGeneration, no matching PunicaWrapper is found; visual.blocks.21.attn.qkv will be ignored.
[36m(vLLMHttpServer pid=703879)[0m (Worker pid=704350) WARNING 09-08 16:55:42 [model_manager.py:401] Regarding Qwen3_5ForConditionalGeneration, no matching PunicaWrapper is found; visual.blocks.21.attn.proj will be ignored.
[36m(vLLMHttpServer pid=703879)[0m (Worker pid=704350) WARNING 09-08 16:55:42 [model_manager.py:401] Regarding Qwen3_5ForConditionalGeneration, no matching PunicaWrapper is found; visual.blocks.21.mlp.linear_fc1 will be ignored.
[36m(vLLMHttpServer pid=703879)[0m (Worker pid=704350) WARNING 09-08 16:55:42 [model_manager.py:401] Regarding Qwen3_5ForConditionalGeneration, no matching PunicaWrapper is found; visual.blocks.21.mlp.linear_fc2 will be ignored.
[36m(vLLMHttpServer pid=703879)[0m (Worker pid=704350) WARNING 09-08 16:55:42 [model_manager.py:401] Regarding Qwen3_5ForConditionalGeneration, no matching PunicaWrapper is found; visual.blocks.22.attn.qkv will be ignored.
[36m(vLLMHttpServer pid=703879)[0m (Worker pid=704350) WARNING 09-08 16:55:42 [model_manager.py:401] Regarding Qwen3_5ForConditionalGeneration, no matching PunicaWrapper is found; visual.blocks.22.attn.proj will be ignored.
[36m(vLLMHttpServer pid=703879)[0m (Worker pid=704350) WARNING 09-08 16:55:42 [model_manager.py:401] Regarding Qwen3_5ForConditionalGeneration, no matching PunicaWrapper is found; visual.blocks.22.mlp.linear_fc1 will be ignored.
[36m(vLLMHttpServer pid=703879)[0m (Worker pid=704350) WARNING 09-08 16:55:42 [model_manager.py:401] Regarding Qwen3_5ForConditionalGeneration, no matching PunicaWrapper is found; visual.blocks.22.mlp.linear_fc2 will be ignored.
[36m(vLLMHttpServer pid=703879)[0m (Worker pid=704350) WARNING 09-08 16:55:42 [model_manager.py:401] Regarding Qwen3_5ForConditionalGeneration, no matching PunicaWrapper is found; visual.blocks.23.attn.qkv will be ignored.
[36m(vLLMHttpServer pid=703879)[0m (Worker pid=704350) WARNING 09-08 16:55:42 [model_manager.py:401] Regarding Qwen3_5ForConditionalGeneration, no matching PunicaWrapper is found; visual.blocks.23.attn.proj will be ignored.
[36m(vLLMHttpServer pid=703879)[0m (Worker pid=704350) WARNING 09-08 16:55:42 [model_manager.py:401] Regarding Qwen3_5ForConditionalGeneration, no matching PunicaWrapper is found; visual.blocks.23.mlp.linear_fc1 will be ignored.
[36m(vLLMHttpServer pid=703879)[0m (Worker pid=704350) WARNING 09-08 16:55:42 [model_manager.py:401] Regarding Qwen3_5ForConditionalGeneration, no matching PunicaWrapper is found; visual.blocks.23.mlp.linear_fc2 will be ignored.
[36m(vLLMHttpServer pid=703879)[0m (Worker pid=704350) WARNING 09-08 16:55:42 [model_manager.py:401] Regarding Qwen3_5ForConditionalGeneration, no matching PunicaWrapper is found; visual.blocks.24.attn.qkv will be ignored.
[36m(vLLMHttpServer pid=703879)[0m (Worker pid=704350) WARNING 09-08 16:55:42 [model_manager.py:401] Regarding Qwen3_5ForConditionalGeneration, no matching PunicaWrapper is found; visual.blocks.24.attn.proj will be ignored.
[36m(vLLMHttpServer pid=703879)[0m (Worker pid=704350) WARNING 09-08 16:55:42 [model_manager.py:401] Regarding Qwen3_5ForConditionalGeneration, no matching PunicaWrapper is found; visual.blocks.24.mlp.linear_fc1 will be ignored.
[36m(vLLMHttpServer pid=703879)[0m (Worker pid=704350) WARNING 09-08 16:55:42 [model_manager.py:401] Regarding Qwen3_5ForConditionalGeneration, no matching PunicaWrapper is found; visual.blocks.24.mlp.linear_fc2 will be ignored.
[36m(vLLMHttpServer pid=703879)[0m (Worker pid=704350) WARNING 09-08 16:55:42 [model_manager.py:401] Regarding Qwen3_5ForConditionalGeneration, no matching PunicaWrapper is found; visual.blocks.25.attn.qkv will be ignored.
[36m(vLLMHttpServer pid=703879)[0m (Worker pid=704350) WARNING 09-08 16:55:42 [model_manager.py:401] Regarding Qwen3_5ForConditionalGeneration, no matching PunicaWrapper is found; visual.blocks.25.attn.proj will be ignored.
[36m(vLLMHttpServer pid=703879)[0m (Worker pid=704350) WARNING 09-08 16:55:42 [model_manager.py:401] Regarding Qwen3_5ForConditionalGeneration, no matching PunicaWrapper is found; visual.blocks.25.mlp.linear_fc1 will be ignored.[36m(vLLMHttpServer pid=703879)[0m (Worker pid=704350) Capturing CUDA graphs (mixed prefill-decode, PIECEWISE):   0%|          | 0/6 [00:00<?, ?it/s]
[36m(vLLMHttpServer pid=703879)[0m Capturing CUDA graphs (mixed prefill-decode, PIECEWISE):  17%|█▋        | 1/6 [00:00<00:01,  3.44it/s]
[36m(vLLMHttpServer pid=703879)[0m Capturing CUDA graphs (mixed prefill-decode, PIECEWISE):  50%|█████     | 3/6 [00:00<00:00,  5.87it/s]
[36m(vLLMHttpServer pid=703879)[0m Capturing CUDA graphs (mixed prefill-decode, PIECEWISE):  83%|████████▎ | 5/6 [00:00<00:00,  6.17it/s]
[36m(vLLMHttpServer pid=703879)[0m Capturing CUDA graphs (mixed prefill-decode, PIECEWISE): 100%|██████████| 6/6 [00:00<00:00,  6.40it/s]
[36m(vLLMHttpServer pid=703879)[0m (Worker pid=704350) Capturing CUDA graphs (decode, FULL):   0%|          | 0/6 [00:00<?, ?it/s]
[36m(vLLMHttpServer pid=703879)[0m Capturing CUDA graphs (decode, FULL):  17%|█▋        | 1/6 [00:00<00:01,  3.07it/s]
[36m(vLLMHttpServer pid=703879)[0m Capturing CUDA graphs (decode, FULL):  50%|█████     | 3/6 [00:00<00:00,  5.38it/s]
[36m(vLLMHttpServer pid=703879)[0m Capturing CUDA graphs (decode, FULL):  83%|████████▎ | 5/6 [00:00<00:00,  6.12it/s]
[36m(vLLMHttpServer pid=703879)[0m Capturing CUDA graphs (decode, FULL): 100%|██████████| 6/6 [00:00<00:00,  6.14it/s]
[36m(vLLMHttpServer pid=703879)[0m (EngineCore pid=704262) [transformers] The `use_fast` parameter is deprecated and will be removed in a future version. Use `backend="torchvision"` instead of `use_fast=True`, or `backend="pil"` instead of `use_fast=False`.
[36m(WorkerDict pid=703541)[0m INFO:2026-09-08 16:57:28,235:[Rank 0] Loaded LoRA-only checkpoint (496 keys) from /home/chen/runs/continuous-training-restore-20260908/resume-stream-01/preserved/global_step_77/actor/model_world_size_1_rank_0.pt
[36m(WorkerDict pid=703541)[0m INFO:2026-09-08 16:57:28,622:[Rank 0] Loaded optimizer from /home/chen/runs/continuous-training-restore-20260908/resume-stream-01/preserved/global_step_77/actor/optim_world_size_1_rank_0.pt
[36m(WorkerDict pid=703541)[0m INFO:2026-09-08 16:57:28,624:[Rank 0] Loaded rng from /home/chen/runs/continuous-training-restore-20260908/resume-stream-01/preserved/global_step_77/actor/extra_state_world_size_1_rank_0.pt
[36m(WorkerDict pid=703541)[0m INFO:2026-09-08 16:57:28,624:[Rank 0] Loaded lr_scheduler from /home/chen/runs/continuous-training-restore-20260908/resume-stream-01/preserved/global_step_77/actor/extra_state_world_size_1_rank_0.pt
[36m(WorkerDict pid=703541)[0m /home/chen/vendor/dapo-official-20260906/verl-progress-candidate-v2/verl/plugin/platform/platform_cuda.py:99: FutureWarning: torch.cuda._set_allocator_settings is deprecated. Use torch._C._accelerator_setAllocatorSettings instead.
[36m(WorkerDict pid=703541)[0m   torch.cuda.memory._set_allocator_settings(settings)
[36m(DAPOTaskRunner pid=703290)[0m Training Progress:  15%|█▌        | 77/500 [00:00<?, ?it/s]

[36m(vLLMHttpServer pid=703879)[0m (Worker pid=704350) WARNING 09-08 16:55:42 [model_manager.py:401] Regarding Qwen3_5ForConditionalGeneration, no matching PunicaWrapper is found; visual.blocks.25.mlp.linear_fc2 will be ignored.
[36m(vLLMHttpServer pid=703879)[0m (Worker pid=704350) WARNING 09-08 16:55:42 [model_manager.py:401] Regarding Qwen3_5ForConditionalGeneration, no matching PunicaWrapper is found; visual.blocks.26.attn.qkv will be ignored.
[36m(vLLMHttpServer pid=703879)[0m (Worker pid=704350) WARNING 09-08 16:55:42 [model_manager.py:401] Regarding Qwen3_5ForConditionalGeneration, no matching PunicaWrapper is found; visual.blocks.26.attn.proj will be ignored.
[36m(vLLMHttpServer pid=703879)[0m (Worker pid=704350) WARNING 09-08 16:55:42 [model_manager.py:401] Regarding Qwen3_5ForConditionalGeneration, no matching PunicaWrapper is found; visual.blocks.26.mlp.linear_fc1 will be ignored.
[36m(vLLMHttpServer pid=703879)[0m (Worker pid=704350) WARNING 09-08 16:55:42 [model_manager.py:401] Regarding Qwen3_5ForConditionalGeneration, no matching PunicaWrapper is found; visual.blocks.26.mlp.linear_fc2 will be ignored.
[36m(vLLMHttpServer pid=703879)[0m (Worker pid=704350) WARNING 09-08 16:56:20 [utils.py:279] Using default LoRA kernel configs
[36m(vLLMHttpServer pid=703879)[0m WARNING 09-08 16:56:39 [api_router.py:30] LoRA dynamic loading & unloading is enabled in the API server. This should ONLY be used for local development!
[36m(vLLMHttpServer pid=703879)[0m WARNING 09-08 16:56:39 [model.py:1477] Default vLLM sampling parameters have been overridden by the model's `generation_config.json`: `{'repetition_penalty': 1.0, 'temperature': 1.0, 'top_k': -1, 'top_p': 1.0, 'max_tokens': 30720}`. If this is not intended, please relaunch vLLM instance with `--generation-config vllm`.
[36m(DAPOTaskRunner pid=703290)[0m LLMServerManager: ['192.168.77.186:33197']
[36m(AgentLoopWorker pid=705881)[0m Using dataset class: CPTWorldStreamingDataset
[36m(AgentLoopWorker pid=705881)[0m {
[36m(AgentLoopWorker pid=705881)[0m   "type": "function",
[36m(AgentLoopWorker pid=705881)[0m   "function": {
[36m(AgentLoopWorker pid=705881)[0m     "name": "act",
[36m(AgentLoopWorker pid=705881)[0m     "description": "Execute one CPT-World experiment or terminal answer.",
[36m(AgentLoopWorker pid=705881)[0m     "parameters": {
[36m(AgentLoopWorker pid=705881)[0m       "type": "object",
[36m(AgentLoopWorker pid=705881)[0m       "properties": {
[36m(AgentLoopWorker pid=705881)[0m         "command": {
[36m(AgentLoopWorker pid=705881)[0m           "type": "object",
[36m(AgentLoopWorker pid=705881)[0m           "description": "The exact command JSON object required by the task protocol."
[36m(AgentLoopWorker pid=705881)[0m         }
[36m(AgentLoopWorker pid=705881)[0m       },
[36m(AgentLoopWorker pid=705881)[0m       "required": [
[36m(AgentLoopWorker pid=705881)[0m         "command"
[36m(AgentLoopWorker pid=705881)[0m       ]
[36m(AgentLoopWorker pid=705881)[0m     }
[36m(AgentLoopWorker pid=705881)[0m   }
[36m(AgentLoopWorker pid=705881)[0m }
[36m(DAPOTaskRunner pid=703290)[0m Checkpoint tracker file does not exist: /home/chen/runs/continuous-training-restore-20260908/resume-stream-01/checkpoints/latest_checkpointed_iteration.txt
[36m(DAPOTaskRunner pid=703290)[0m Load from checkpoint folder: /home/chen/runs/continuous-training-restore-20260908/resume-stream-01/preserved/global_step_77
[36m(DAPOTaskRunner pid=703290)[0m Setting global step to 77
[36m(DAPOTaskRunner pid=703290)[0m Resuming from /home/chen/runs/continuous-training-restore-20260908/resume-stream-01/preserved/global_step_77
Error executing job with overrides: ['+profiles@_global_=cpt_world_dapo', 'trainer.total_training_steps=500', 'trainer.total_epochs=20', 'trainer.val_only=false', 'actor_rollout_ref.rollout.val_kwargs.do_sample=false', 'actor_rollout_ref.rollout.val_kwargs.temperature=0.0', 'trainer.resume_mode=resume_path', 'trainer.save_freq=1', 'actor_rollout_ref.rollout.disable_log_stats=false', 'actor_rollout_ref.rollout.enforce_eager=false', 'actor_rollout_ref.rollout.cudagraph_capture_sizes=[1,2,4]', 'trainer.experiment_name=verified-resume-progress', 'data.shuffle=false', 'trainer.resume_from_path=/home/chen/runs/continuous-training-restore-20260908/resume-stream-01/preserved/global_step_77', 'trainer.validation_data_dir=/home/chen/runs/continuous-training-restore-20260908/resume-stream-01/validation', 'trainer.test_freq=-1', 'trainer.val_before_train=false', '++ray_kwargs.ray_init.runtime_env.env_vars.CPT_WORLD_VERL_AUDIT_DIR=/home/chen/runs/continuous-training-restore-20260908/resume-stream-01/environment', '++ray_kwargs.ray_init.runtime_env.env_vars.CPT_WORLD_EXPECTED_SOURCE=/home/chen/projects/self-play-in-the-causal-world-rewardv10-a92ab8e-20260831/src/cpt_world', '++ray_kwargs.ray_init.runtime_env.env_vars.VERL_ROOT=/home/chen/vendor/dapo-official-20260906/verl-progress-candidate-v2', '++ray_kwargs.ray_init.runtime_env.env_vars.VERL_RECIPE_ROOT=/home/chen/vendor/dapo-official-20260906/verl-recipe-progress-candidate-v2', '++ray_kwargs.ray_init.runtime_env.env_vars.CPT_WORLD_DAPO_SOURCE_PROFILE=progress-v1', '++ray_kwargs.ray_init.runtime_env.env_vars.PYTHONPATH=/home/chen/projects/self-play-in-the-causal-world-rewardv10-a92ab8e-20260831/src:/home/chen/projects/self-play-in-the-causal-world-rewardv10-a92ab8e-20260831:/home/chen/vendor/dapo-official-20260906/verl-recipe-progress-candidate-v2:/home/chen/vendor/dapo-official-20260906/verl-progress-candidate-v2', '++ray_kwargs.ray_init.runtime_env.env_vars.PATH=/home/chen/.venvs/dolens-dapo-official/bin:/usr/local/sbin:/usr/local/bin:/usr/sbin:/usr/bin:/sbin:/bin:/usr/games:/usr/local/games:/snap/bin']
[36m(DAPOTaskRunner pid=703290)[0m Training Progress:  15%|█▌        | 77/500 [00:00<?, ?it/s]
Traceback (most recent call last):
  File "/home/chen/vendor/dapo-official-20260906/verl-recipe-progress-candidate-v2/dapo/main_dapo.py", line 118, in main
    run_ppo(config, task_runner_class=ray.remote(num_cpus=1)(DAPOTaskRunner))
  File "/home/chen/vendor/dapo-official-20260906/verl-progress-candidate-v2/verl/trainer/main_ppo.py", line 93, in run_ppo
    ray.get(runner.run.remote(config))
  File "/home/chen/.venvs/dolens-dapo-official/lib/python3.12/site-packages/ray/_private/auto_init_hook.py", line 22, in auto_init_wrapper
    return fn(*args, **kwargs)
           ^^^^^^^^^^^^^^^^^^^
  File "/home/chen/.venvs/dolens-dapo-official/lib/python3.12/site-packages/ray/_private/client_mode_hook.py", line 134, in wrapper
    return func(*args, **kwargs)
           ^^^^^^^^^^^^^^^^^^^^^
  File "/home/chen/.venvs/dolens-dapo-official/lib/python3.12/site-packages/ray/_private/worker.py", line 2986, in get
    values, debugger_breakpoint = worker.get_objects(
                                  ^^^^^^^^^^^^^^^^^^^
  File "/home/chen/.venvs/dolens-dapo-official/lib/python3.12/site-packages/ray/_private/worker.py", line 1050, in get_objects
    raise value.as_instanceof_cause()
ray.exceptions.RayTaskError(ModuleNotFoundError): [36mray::DAPOTaskRunner.run()[39m (pid=703290, ip=192.168.77.186, actor_id=63fa3eab037d2762f7429f2a01000000, repr=<main_dapo.DAPOTaskRunner object at 0x79512a9e3ad0>)
           ^^^^^^^^^^^^^^^^^^^^^^^^^^^^^^^^^^^^
           ^^^^^^^^^^^^^^^^^^^^^^^^^^^^^^^
  File "/home/chen/vendor/dapo-official-20260906/verl-recipe-progress-candidate-v2/dapo/main_dapo.py", line 111, in run
    trainer.fit()
  File "/home/chen/vendor/dapo-official-20260906/verl-recipe-progress-candidate-v2/dapo/dapo_ray_trainer.py", line 218, in fit
    for batch_dict in self.train_dataloader:
  File "/home/chen/.venvs/dolens-dapo-official/lib/python3.12/site-packages/torchdata/stateful_dataloader/stateful_dataloader.py", line 450, in __next__
    return super().__next__()
           ^^^^^^^^^^^^^^^^^^
  File "/home/chen/.venvs/dolens-dapo-official/lib/python3.12/site-packages/torch/utils/data/dataloader.py", line 741, in __next__
    data = self._next_data()
           ^^^^^^^^^^^^^^^^^
  File "/home/chen/.venvs/dolens-dapo-official/lib/python3.12/site-packages/torchdata/stateful_dataloader/stateful_dataloader.py", line 491, in _next_data
    data = self._dataset_fetcher.fetch(index)  # may raise StopIteration
           ^^^^^^^^^^^^^^^^^^^^^^^^^^^^^^^^^^
  File "/home/chen/.venvs/dolens-dapo-official/lib/python3.12/site-packages/torch/utils/data/_utils/fetch.py", line 54, in fetch
    data = [self.dataset[idx] for idx in possibly_batched_index]
            ~~~~~~~~~~~~^^^^^
  File "/home/chen/vendor/dapo-official-20260906/verl-progress-candidate-v2/verl/utils/dataset/rl_dataset.py", line 388, in __getitem__
    row_dict: dict = self.dataframe[item]
                     ~~~~~~~~~~~~~~^^^^^^
  File "/home/chen/projects/self-play-in-the-causal-world-rewardv10-a92ab8e-20260831/src/cpt_world/verl_streaming_dataset.py", line 275, in __getitem__
    converted = _convert_row(row, index)
                ^^^^^^^^^^^^^^^^^^^^^^^^
  File "/home/chen/projects/self-play-in-the-causal-world-rewardv10-a92ab8e-20260831/src/cpt_world/verl_streaming_dataset.py", line 81, in _convert_row
    from scripts.prepare_verl_cpt_data import convert_row
ModuleNotFoundError: No module named 'scripts.prepare_verl_cpt_data'

Set the environment variable HYDRA_FULL_ERROR=1 for a complete stack trace.
